word1,word2,POS,SimLex999,conc_word1,conc_word2,concQ,assoc_usf,SimAssoc333,sd_simLex,stim,stimulusID,list
old,new,A,1.58,2.72,2.81,2,7.25,1,0.41,old / new,1,1
smart,intelligent,A,9.2,1.75,2.46,1,7.11,1,0.67,smart / intelligent,2,1
hard,difficult,A,8.77,3.76,2.21,2,5.94,1,1.19,hard / difficult,3,1
happy,cheerful,A,9.55,2.56,2.34,1,5.85,1,2.18,happy / cheerful,4,1
hard,easy,A,0.95,3.76,2.07,2,5.82,1,0.93,hard / easy,5,1
fast,rapid,A,8.75,3.32,3.07,2,5.66,1,1.68,fast / rapid,6,1
happy,glad,A,9.17,2.56,2.36,1,5.49,1,1.59,happy / glad,7,1
short,long,A,1.23,3.61,3.18,2,5.36,1,1.58,short / long,8,1
stupid,dumb,A,9.58,1.75,2.36,1,5.26,1,1.48,stupid / dumb,9,1
weird,strange,A,8.93,1.59,1.86,1,4.26,1,1.3,weird / strange,10,1
wide,narrow,A,1.03,3.06,3.04,2,4.06,1,0.58,wide / narrow,11,1
bad,awful,A,8.42,1.68,1.92,1,3.41,1,1.74,bad / awful,12,1
easy,difficult,A,0.58,2.07,2.21,1,2.83,1,0.36,easy / difficult,13,1
bad,terrible,A,7.78,1.68,2.04,1,2.31,1,1.43,bad / terrible,14,1
hard,simple,A,1.38,3.76,1.62,2,2.16,1,1.03,hard / simple,15,1
smart,dumb,A,0.55,1.75,2.36,1,2.1,1,0.47,smart / dumb,16,1
insane,crazy,A,9.57,1.77,2.37,1,2.09,1,0.92,insane / crazy,17,1
happy,mad,A,0.95,2.56,2.76,2,2.07,1,1.4,happy / mad,18,1
large,huge,A,9.47,3.37,3.54,2,2,1,1.27,large / huge,19,1
hard,tough,A,8.05,3.76,2.5,2,1.99,1,1.18,hard / tough,20,1
new,fresh,A,6.83,2.81,1.97,1,1.98,1,1.2,new / fresh,21,1
sharp,dull,A,0.6,3.86,2.37,2,1.48,1,1.39,sharp / dull,22,1
quick,rapid,A,9.7,2.89,3.07,2,1.38,1,1.14,quick / rapid,23,1
dumb,foolish,A,6.67,2.36,1.84,1,1.34,1,1.36,dumb / foolish,24,1
wonderful,terrific,A,8.63,1.82,2.07,1,1.17,1,1.63,wonderful / terrific,25,1
strange,odd,A,9.02,1.86,1.7,1,1.16,1,1.04,strange / odd,26,1
happy,angry,A,1.28,2.56,2.53,1,1.15,1,1.41,happy / angry,27,1
narrow,broad,A,1.18,3.04,2.45,2,1,1,1.18,narrow / broad,28,1
simple,easy,A,9.4,1.62,2.07,1,0.96,1,1.51,simple / easy,29,1
old,fresh,A,0.87,2.72,1.97,1,0.91,1,1.64,old / fresh,30,1
apparent,obvious,A,8.47,1.73,2.07,1,0.89,1,1.52,apparent / obvious,31,1
inexpensive,cheap,A,8.72,2.22,2.11,1,0.79,1,0.81,inexpensive / cheap,32,1
nice,generous,A,5,2.18,2.25,1,0.77,1,1.14,nice / generous,33,1
weird,normal,A,0.72,1.59,1.4,1,0.76,1,1.15,weird / normal,34,1
weird,odd,A,9.2,1.59,1.7,1,0.75,1,1.27,weird / odd,35,1
bad,immoral,A,7.62,1.68,1.59,1,0.74,1,0.98,bad / immoral,36,1
sad,funny,A,0.95,3.07,2.5,2,0.74,1,1.28,sad / funny,37,1
wonderful,great,A,8.05,1.82,1.81,1,0.7,1,1.05,wonderful / great,38,1
guilty,ashamed,A,6.38,2.36,1.74,1,0.69,1,0.47,guilty / ashamed,39,1
beautiful,wonderful,A,6.5,2.16,1.82,1,0.68,1,0.85,beautiful / wonderful,40,1
confident,sure,A,8.27,2.62,1.73,1,0.68,1,1.21,confident / sure,41,1
dumb,dense,A,7.27,2.36,3.14,2,0.68,1,0.43,dumb / dense,42,1
large,big,A,9.55,3.37,3.66,2,0.68,1,0.44,large / big,43,1
nice,cruel,A,0.67,2.18,2.11,1,0.49,1,1.53,nice / cruel,44,1
impatient,anxious,A,6.03,2.38,1.68,1,0.47,1,1.22,impatient / anxious,45,1
big,broad,A,6.73,3.66,2.45,2,0.47,1,1.68,big / broad,46,1
strong,proud,A,3.17,3.14,2.07,2,0.42,0,1.46,strong / proud,47,1
unnecessary,necessary,A,0.63,1.56,1.8,1,0.41,0,0.61,unnecessary / necessary,48,1
restless,young,A,1.6,2.46,3.16,2,0.41,0,0.85,restless / young,49,1
dumb,intelligent,A,0.75,2.36,2.46,1,0.37,0,1.5,dumb / intelligent,50,1
bad,great,A,0.35,1.68,1.81,1,0.35,0,1.49,bad / great,51,1
difficult,simple,A,0.87,2.21,1.62,1,0.34,0,0.44,difficult / simple,52,1
necessary,important,A,7.37,1.8,2.14,1,0.34,0,1.36,necessary / important,53,1
bad,terrific,A,0.65,1.68,2.07,1,0.28,0,1.43,bad / terrific,54,1
mad,glad,A,1.45,2.76,2.36,1,0.28,0,1.17,mad / glad,55,1
honest,guilty,A,1.18,1.66,2.36,1,0.27,0,1.68,honest / guilty,56,1
easy,tough,A,0.52,2.07,2.5,1,0.27,0,1.87,easy / tough,57,1
easy,flexible,A,4.1,2.07,2.64,1,0.27,0,1.08,easy / flexible,58,1
certain,sure,A,8.42,1.68,1.73,1,0.23,0,1.29,certain / sure,59,1
essential,necessary,A,8.97,1.52,1.8,1,0.21,0,1.11,essential / necessary,60,1
different,normal,A,1.08,1.97,1.4,1,0.21,0,1.75,different / normal,61,1
sly,clever,A,7.25,2.03,1.79,1,0.21,0,1.41,sly / clever,62,1
crucial,important,A,8.82,2.08,2.14,1,0.21,0,1.25,crucial / important,63,1
harsh,cruel,A,8.18,2.23,2.11,1,0.21,0,1.66,harsh / cruel,64,1
childish,foolish,A,5.5,2.52,1.84,1,0.21,0,1.45,childish / foolish,65,1
scarce,rare,A,9.17,2.57,1.96,1,0.21,0,1.21,scarce / rare,66,1
friendly,generous,A,5.9,2.32,2.25,1,0.21,0,0.6,friendly / generous,67,1
fragile,frigid,A,2.38,2.86,3.28,2,0.21,0,0.84,fragile / frigid,68,1
long,narrow,A,3.57,3.18,3.04,2,0.21,0,1.62,long / narrow,69,1
big,heavy,A,6.18,3.66,3.37,2,0.21,0,1.54,big / heavy,70,1
rough,frigid,A,2.47,3.83,3.28,2,0.21,0,1.37,rough / frigid,71,1
bizarre,strange,A,9.37,1.79,1.86,1,0.2,0,1.54,bizarre / strange,72,1
illegal,immoral,A,4.28,2.37,1.59,1,0.2,0,1.57,illegal / immoral,73,1
bad,guilty,A,4.2,1.68,2.36,1,0.2,0,1.47,bad / guilty,74,1
modern,ancient,A,0.73,2.31,2.04,1,0.2,0,0.71,modern / ancient,75,1
new,ancient,A,0.23,2.81,2.04,1,0.2,0,0.46,new / ancient,76,1
dull,funny,A,0.55,2.37,2.5,1,0.2,0,1.76,dull / funny,77,1
happy,young,A,2,2.56,3.16,2,0.2,0,0.47,happy / young,78,1
easy,big,A,1.12,2.07,3.66,2,0.2,0,1.22,easy / big,79,1
great,awful,A,1.17,1.81,1.92,1,0.15,0,1.53,great / awful,80,1
tiny,huge,A,0.6,3.11,3.54,2,0.15,0,0.59,tiny / huge,81,1
polite,proper,A,7.63,1.85,1.78,1,0.14,0,1.42,polite / proper,82,1
modest,ashamed,A,2.65,2.21,1.74,1,0.14,0,1,modest / ashamed,83,1
exotic,rare,A,8.05,2.11,1.96,1,0.14,0,0.93,exotic / rare,84,1
dumb,clever,A,1.17,2.36,1.79,1,0.14,0,1.3,dumb / clever,85,1
delightful,wonderful,A,8.65,2.38,1.82,1,0.14,0,1.29,delightful / wonderful,86,1
noticeable,obvious,A,8.48,2.29,2.07,1,0.14,0,1.69,noticeable / obvious,87,1
afraid,anxious,A,5.07,2.7,1.68,1,0.14,0,1.28,afraid / anxious,88,1
formal,proper,A,8.02,2.7,1.78,1,0.14,0,1.31,formal / proper,89,1
dreary,dull,A,8.25,2.33,2.37,1,0.14,0,1.85,dreary / dull,90,1
delightful,cheerful,A,6.58,2.38,2.34,1,0.14,0,1.56,delightful / cheerful,91,1
unhappy,mad,A,5.95,2.04,2.76,1,0.14,0,1.36,unhappy / mad,92,1
sad,terrible,A,5.4,3.07,2.04,1,0.14,0,0.44,sad / terrible,93,1
sick,crazy,A,3.57,2.97,2.37,2,0.14,0,0.95,sick / crazy,94,1
violent,angry,A,6.98,3.1,2.53,2,0.14,0,1.55,violent / angry,95,1
laden,heavy,A,5.9,2.96,3.37,2,0.14,0,1.28,laden / heavy,96,1
dirty,cheap,A,1.6,4.23,2.11,2,0.14,0,1.1,dirty / cheap,97,1
elastic,flexible,A,7.78,3.73,2.64,2,0.14,0,1.09,elastic / flexible,98,1
hard,dense,A,5.9,3.76,3.14,2,0.14,0,1,hard / dense,99,1
recent,new,A,7.05,2.5,2.81,2,0.13,0,1.05,recent / new,100,1
bold,proud,A,3.97,2.43,2.07,1,0.12,0,1.36,bold / proud,101,1
sly,strange,A,1.97,2.03,1.86,1,0,0,1.07,sly / strange,102,1
strange,sly,A,2.07,1.86,2.03,1,0,0,0.51,strange / sly,103,1
dumb,rare,A,0.48,2.36,1.96,1,0,0,1.55,dumb / rare,104,1
sly,tough,A,0.58,2.03,2.5,1,0,0,1.01,sly / tough,105,1
terrific,mad,A,0.4,2.07,2.76,1,0,0,0.86,terrific / mad,106,1
modest,flexible,A,0.98,2.21,2.64,1,0,0,1.89,modest / flexible,107,1
fresh,wide,A,0.4,1.97,3.06,1,0,0,1.41,fresh / wide,108,1
huge,dumb,A,0.48,3.54,2.36,2,0,0,0.91,huge / dumb,109,1
large,flexible,A,0.48,3.37,2.64,2,0,0,1.59,large / flexible,110,1
dirty,narrow,A,0.3,4.23,3.04,2,0,0,0.89,dirty / narrow,111,1
wife,husband,N,2.3,4.13,4.11,3,8.85,1,0.84,wife / husband,112,1
book,text,N,6.35,4.9,4.93,4,8.81,1,1.43,book / text,113,1
groom,bride,N,3.17,4.54,4.63,3,8.65,1,0.68,groom / bride,114,1
night,day,N,1.88,4.52,3.92,3,8.19,1,1.17,night / day,115,1
south,north,N,2.2,3.84,4.14,3,7.72,1,0.59,south / north,116,1
plane,airport,N,3.65,4.92,4.87,4,7.57,1,1.07,plane / airport,117,1
uncle,aunt,N,5.5,4.24,4.17,3,7.46,1,1.63,uncle / aunt,118,1
horse,mare,N,8.33,5,4.75,4,7.4,1,0.73,horse / mare,119,1
bottom,top,N,0.7,4.25,3.93,3,6.96,1,1.16,bottom / top,120,1
friend,buddy,N,8.78,3.07,3.48,2,6.87,1,0.93,friend / buddy,121,1
student,pupil,N,9.35,4.92,4.55,3,6.83,1,1.11,student / pupil,122,1
world,globe,N,6.67,4.36,4.59,3,6.79,1,0.67,world / globe,123,1
leg,arm,N,2.88,4.83,4.96,4,6.73,1,0.79,leg / arm,124,1
plane,jet,N,8.1,4.92,4.77,4,6.62,1,1.24,plane / jet,125,1
woman,man,N,3.33,4.46,4.79,3,6.6,1,1.42,woman / man,126,1
horse,colt,N,7.07,5,4.96,4,6.54,1,0.84,horse / colt,127,1
actress,actor,N,7.12,4.54,4.57,3,5.78,1,1.3,actress / actor,128,1
teacher,instructor,N,9.25,4.52,4.26,3,5.66,1,1.53,teacher / instructor,129,1
movie,film,N,8.87,4.59,4.71,3,5.43,1,1.72,movie / film,130,1
bird,hawk,N,7.85,5,4.93,4,5.29,1,0.91,bird / hawk,131,1
word,dictionary,N,3.68,3.56,4.62,3,5.2,1,1.56,word / dictionary,132,1
money,salary,N,7.88,4.54,3.69,3,5.16,1,1.11,money / salary,133,1
dog,cat,N,1.75,4.85,4.86,4,5.13,1,1.3,dog / cat,134,1
area,region,N,9.47,3.72,3.19,2,5.12,1,0.58,area / region,135,1
navy,army,N,6.43,3.93,4.7,3,5,1,0.53,navy / army,136,1
book,literature,N,7.53,4.9,4.1,3,4.86,1,0.45,book / literature,137,1
clothes,closet,N,3.27,4.76,4.83,4,4.83,1,1.29,clothes / closet,138,1
sunset,sunrise,N,2.47,4.54,4.69,3,4.8,1,1.12,sunset / sunrise,139,1
child,adult,N,2.98,4.78,4.4,3,4.59,1,1.48,child / adult,140,1
cow,cattle,N,9.52,4.96,4.64,4,4.39,1,0.79,cow / cattle,141,1
book,story,N,5.63,4.9,3.3,3,4.19,1,0.78,book / story,142,1
winter,summer,N,2.38,3.84,3.64,3,3.96,1,0.47,winter / summer,143,1
taxi,cab,N,9.2,4.93,4.88,4,3.86,1,1.23,taxi / cab,144,1
tree,maple,N,5.53,5,4.46,3,3.67,1,1.19,tree / maple,145,1
bed,bedroom,N,3.4,5,4.9,4,3.53,1,1.25,bed / bedroom,146,1
roof,ceiling,N,7.58,4.79,4.85,4,3.5,1,0.77,roof / ceiling,147,1
disease,infection,N,7.15,3.45,4.1,3,3.45,1,1.08,disease / infection,148,1
arm,shoulder,N,4.85,4.96,4.93,4,3.35,1,1.81,arm / shoulder,149,1
sheep,lamb,N,8.42,4.9,4.97,4,3.33,1,1.51,sheep / lamb,150,1
lady,gentleman,N,3.42,4.33,3.57,3,3.29,1,1.08,lady / gentleman,151,1
boat,anchor,N,2.25,4.93,4.77,4,3.25,1,1.1,boat / anchor,152,1
priest,monk,N,6.28,4.77,4.35,3,3.23,1,0.61,priest / monk,153,1
toe,finger,N,4.68,4.93,5,4,3.22,1,0.55,toe / finger,154,1
river,stream,N,7.3,4.89,4.5,3,3.21,1,0.81,river / stream,155,1
anger,fury,N,8.73,2.41,2.89,2,3.06,1,1.89,anger / fury,156,1
date,calendar,N,4.42,3.9,4.62,3,3.05,1,1.5,date / calendar,157,1
sea,ocean,N,8.27,4.79,4.86,4,2.91,1,1.3,sea / ocean,158,1
second,minute,N,4.62,3.3,3.04,2,2.84,1,1.15,second / minute,159,1
hand,thumb,N,3.88,4.72,4.96,4,2.84,1,0.44,hand / thumb,160,1
wood,log,N,7.3,4.85,4.96,4,2.79,1,0.87,wood / log,161,1
mud,dirt,N,7.32,4.86,4.86,4,2.76,1,0.48,mud / dirt,162,1
hallway,corridor,N,9.28,4.74,4.72,3,2.7,1,0.76,hallway / corridor,163,1
way,manner,N,7.62,2.34,1.62,1,2.56,1,0.44,way / manner,164,1
mouse,cat,N,1.12,4.83,4.86,4,2.56,1,1.02,mouse / cat,165,1
cop,sheriff,N,9.05,4.3,4.5,3,2.54,1,1.55,cop / sheriff,166,1
death,burial,N,4.93,3.73,3.93,3,2.46,1,1.88,death / burial,167,1
music,melody,N,6.98,4.31,3.71,3,2.43,1,1.36,music / melody,168,1
beer,alcohol,N,7.5,4.88,4.76,4,2.4,1,1.07,beer / alcohol,169,1
mouth,lip,N,7.1,4.74,4.96,4,2.28,1,1.4,mouth / lip,170,1
storm,hurricane,N,6.38,4.7,4.59,3,2.27,1,0.9,storm / hurricane,171,1
tax,income,N,2.38,3.89,3.07,2,2.25,1,1.15,tax / income,172,1
flower,violet,N,6.95,5,4.48,4,2.22,1,1.72,flower / violet,173,1
paper,cardboard,N,5.38,4.93,4.9,4,2.2,1,1.22,paper / cardboard,174,1
floor,ceiling,N,1.73,4.8,4.85,4,2.18,1,0.97,floor / ceiling,175,1
beach,seashore,N,8.33,4.79,4.63,3,2.15,1,0.47,beach / seashore,176,1
rod,curtain,N,3.03,4.43,4.82,3,2.13,1,0.39,rod / curtain,177,1
hound,fox,N,2.38,4.48,4.97,3,2.13,1,1.36,hound / fox,178,1
street,alley,N,5.48,4.75,4.82,4,2.07,1,1.62,street / alley,179,1
boat,deck,N,4.28,4.93,4.77,4,2.04,1,1.39,boat / deck,180,1
car,horn,N,2.57,4.89,5,4,2.04,1,0.79,car / horn,181,1
friend,guest,N,4.25,3.07,3.83,2,1.97,1,1.41,friend / guest,182,1
employer,employee,N,3.65,3.81,4.1,3,1.96,1,0.95,employer / employee,183,1
hand,wrist,N,3.97,4.72,4.93,4,1.96,1,1.32,hand / wrist,184,1
ball,cannon,N,2.58,5,4.79,4,1.96,1,1.82,ball / cannon,185,1
alcohol,brandy,N,6.98,4.76,4.81,4,1.93,1,0.57,alcohol / brandy,186,1
victory,triumph,N,8.98,2.55,2.17,1,1.9,1,0.94,victory / triumph,187,1
telephone,booth,N,3.63,4.96,4.42,3,1.88,1,1.1,telephone / booth,188,1
door,doorway,N,5.4,4.81,4.75,4,1.88,1,1.86,door / doorway,189,1
motel,inn,N,8.17,4.93,4.64,4,1.86,1,0.39,motel / inn,190,1
clothes,cloth,N,5.47,4.76,4.9,4,1.82,1,1.43,clothes / cloth,191,1
steak,meat,N,7.47,4.96,4.9,4,1.81,1,1.34,steak / meat,192,1
nail,thumb,N,3.55,4.93,4.96,4,1.76,1,1.16,nail / thumb,193,1
band,orchestra,N,7.08,4.68,4.79,4,1.75,1,1.36,band / orchestra,194,1
book,bible,N,5,4.9,4.61,4,1.74,1,1.43,book / bible,195,1
business,industry,N,7.02,3.28,3.29,2,1.73,1,1.1,business / industry,196,1
winter,season,N,6.27,3.84,3.32,2,1.71,1,1.76,winter / season,197,1
decade,century,N,3.48,3.19,2.83,2,1.64,1,1.36,decade / century,198,1
alcohol,gin,N,8.65,4.76,4.46,3,1.64,1,1.17,alcohol / gin,199,1
hat,coat,N,2.67,4.88,4.97,4,1.62,1,1.76,hat / coat,200,1
window,door,N,3.33,4.86,4.81,4,1.56,1,1.6,window / door,201,1
arm,wrist,N,3.57,4.96,4.93,4,1.55,1,1.33,arm / wrist,202,1
house,apartment,N,5.8,5,4.9,4,1.54,1,1.4,house / apartment,203,1
glass,crystal,N,6.27,4.82,4.58,3,1.52,1,1.48,glass / crystal,204,1
wine,brandy,N,5.15,4.79,4.81,4,1.52,1,1.67,wine / brandy,205,1
creator,maker,N,9.62,3.07,3.9,2,1.51,1,1.4,creator / maker,206,1
dinner,breakfast,N,3.33,4.5,4.43,3,1.49,1,1.72,dinner / breakfast,207,1
arm,muscle,N,3.72,4.96,4.5,3,1.45,1,0.83,arm / muscle,208,1
bubble,suds,N,8.57,4.6,4.59,3,1.42,1,1.59,bubble / suds,209,1
bread,flour,N,3.33,4.92,4.97,4,1.42,1,1.25,bread / flour,210,1
death,tragedy,N,5.8,3.73,2.07,2,1.41,1,1.13,death / tragedy,211,1
absence,presence,N,0.4,2.31,2.72,1,1.38,1,1.5,absence / presence,212,1
gun,cannon,N,5.68,4.83,4.79,4,1.35,1,1.56,gun / cannon,213,1
grass,blade,N,4.57,4.93,4.93,4,1.34,1,1.53,grass / blade,214,1
ball,basket,N,1.67,5,5,4,1.33,1,1.08,ball / basket,215,1
hose,garden,N,1.67,4.87,4.73,4,1.32,1,1.1,hose / garden,216,1
boy,kid,N,7.5,4.76,4.56,3,1.28,1,1.44,boy / kid,217,1
church,choir,N,2.95,4.9,4.34,3,1.27,1,1.43,church / choir,218,1
clothes,drawer,N,3.02,4.76,4.67,3,1.27,1,1.49,clothes / drawer,219,1
tower,bell,N,1.9,4.76,4.96,4,1.22,1,1.41,tower / bell,220,1
father,parent,N,7.07,4.52,4.56,3,1.19,1,1.06,father / parent,221,1
school,grade,N,4.42,4.79,3,3,1.18,1,1.32,school / grade,222,1
parent,adult,N,5.37,4.56,4.4,3,1.15,1,1.6,parent / adult,223,1
bar,jail,N,1.9,4.67,4.83,4,1.15,1,1.12,bar / jail,224,1
car,highway,N,3.4,4.89,4.72,4,1.15,1,1.77,car / highway,225,1
dictionary,definition,N,6.25,4.62,3.07,3,1.14,1,1.06,dictionary / definition,226,1
door,cellar,N,1.97,4.81,4.68,4,1.13,1,1.47,door / cellar,227,1
army,legion,N,5.95,4.7,2.69,2,1.11,1,1.29,army / legion,228,1
metal,aluminum,N,7.25,4.87,4.88,4,1.1,1,1.76,metal / aluminum,229,1
chair,bench,N,6.67,4.58,4.87,3,1.09,1,1.22,chair / bench,230,1
cloud,fog,N,6,4.54,4.66,3,1.05,1,1.04,cloud / fog,231,1
boy,son,N,6.75,4.76,4.14,3,1.03,1,0.88,boy / son,232,1
water,ice,N,6.47,5,4.89,4,1.03,1,1.66,water / ice,233,1
bed,blanket,N,3.02,5,5,4,1.02,1,1.48,bed / blanket,234,1
attorney,lawyer,N,9.35,4.52,4.7,3,1.01,1,1.4,attorney / lawyer,235,1
area,zone,N,8.33,3.72,3.07,2,0.97,1,0.89,area / zone,236,1
business,company,N,9.02,3.28,4.11,3,0.97,1,0.47,business / company,237,1
clothes,fabric,N,5.87,4.76,4.63,3,0.96,1,1.66,clothes / fabric,238,1
sweater,jacket,N,7.15,4.78,4.86,4,0.96,1,1.13,sweater / jacket,239,1
money,capital,N,6.67,4.54,4.1,3,0.95,1,0.97,money / capital,240,1
hand,foot,N,4.17,4.72,4.9,4,0.95,1,1.41,hand / foot,241,1
alcohol,cocktail,N,6.73,4.76,4.4,3,0.93,1,1.2,alcohol / cocktail,242,1
yard,inch,N,3.78,4.82,4.37,3,0.93,1,1.4,yard / inch,243,1
molecule,atom,N,6.45,3.27,3.34,2,0.92,1,1.56,molecule / atom,244,1
lens,camera,N,4.28,4.64,5,4,0.9,1,1.89,lens / camera,245,1
meal,dinner,N,7.15,4.62,4.5,3,0.88,1,2,meal / dinner,246,1
eye,tear,N,3.55,4.9,4.56,3,0.88,1,1.48,eye / tear,247,1
god,devil,N,1.8,2.07,3.41,2,0.87,1,1.1,god / devil,248,1
loop,belt,N,3.1,4.26,4.9,3,0.87,1,1.74,loop / belt,249,1
rat,mouse,N,7.78,4.85,4.83,4,0.87,1,0.93,rat / mouse,250,1
motor,engine,N,8.65,4.84,4.86,4,0.87,1,1.47,motor / engine,251,1
car,cab,N,7.42,4.89,4.88,4,0.87,1,1.15,car / cab,252,1
cat,lion,N,6.75,4.86,4.96,4,0.85,1,0.84,cat / lion,253,1
size,magnitude,N,6.33,3.13,2.43,2,0.84,1,0.59,size / magnitude,254,1
reality,fantasy,N,1.03,1.72,1.59,1,0.83,1,0.89,reality / fantasy,255,1
door,gate,N,5.25,4.81,4.96,4,0.83,1,1.47,door / gate,256,1
cat,pet,N,5.95,4.86,4.71,4,0.82,1,1.41,cat / pet,257,1
tin,aluminum,N,6.42,4.87,4.88,4,0.82,1,1.3,tin / aluminum,258,1
bone,jaw,N,4.17,4.9,4.87,4,0.82,1,0.44,bone / jaw,259,1
cereal,wheat,N,3.75,4.83,4.89,4,0.81,1,1.72,cereal / wheat,260,1
house,key,N,1.9,5,4.89,4,0.8,1,1.09,house / key,261,1
blood,flesh,N,4.28,4.86,4.59,3,0.79,1,1.74,blood / flesh,262,1
door,corridor,N,3.73,4.81,4.72,4,0.79,1,1.11,door / corridor,263,1
god,spirit,N,7.3,2.07,1.6,1,0.77,1,1.63,god / spirit,264,1
capability,competence,N,7.62,1.93,1.78,1,0.77,1,0.84,capability / competence,265,1
abundance,plenty,N,8.97,2.21,2.39,1,0.77,1,1.02,abundance / plenty,266,1
sofa,chair,N,6.67,4.9,4.58,4,0.77,1,1.56,sofa / chair,267,1
wall,brick,N,4.68,4.86,4.83,4,0.77,1,1.16,wall / brick,268,1
horn,drum,N,2.68,5,4.96,4,0.77,1,0.47,horn / drum,269,1
organ,liver,N,6.15,4.77,4.68,3,0.76,1,1.12,organ / liver,270,1
strength,might,N,7.07,2.96,2.32,2,0.74,1,0.8,strength / might,271,1
phrase,word,N,5.48,2.86,3.56,2,0.74,1,1.73,phrase / word,272,1
band,parade,N,3.92,4.68,4.54,3,0.74,1,1.74,band / parade,273,1
stomach,waist,N,5.9,4.89,4.72,4,0.74,1,1.49,stomach / waist,274,1
cloud,storm,N,5.6,4.54,4.7,3,0.73,1,1.47,cloud / storm,275,1
joy,pride,N,5,2.37,1.66,1,0.72,1,0.9,joy / pride,276,1
noise,rattle,N,6.17,3.52,4.07,3,0.72,1,1.33,noise / rattle,277,1
rain,mist,N,5.97,4.97,4.51,4,0.71,1,1.83,rain / mist,278,1
beer,beverage,N,5.42,4.88,4.6,4,0.71,1,1.34,beer / beverage,279,1
man,uncle,N,3.92,4.79,4.24,3,0.7,1,1.36,man / uncle,280,1
apple,juice,N,2.88,5,4.89,4,0.7,1,1.65,apple / juice,281,1
intelligence,logic,N,6.5,2.24,1.72,1,0.68,1,1.2,intelligence / logic,282,1
communication,language,N,7.47,2.9,2.35,2,0.68,1,1.09,communication / language,283,1
mink,fur,N,6.83,4.58,4.69,3,0.68,1,0.39,mink / fur,284,1
mob,crowd,N,7.85,3.88,4.52,3,0.67,1,1.2,mob / crowd,285,1
shore,coast,N,8.83,4.79,4.21,3,0.67,1,1.53,shore / coast,286,1
wire,cord,N,7.62,4.72,4.63,3,0.67,1,1.35,wire / cord,287,1
bird,turkey,N,6.58,5,4.89,4,0.67,1,1.6,bird / turkey,288,1
bed,crib,N,7.3,5,4.86,4,0.65,1,1.56,bed / crib,289,1
competence,ability,N,7.5,1.78,1.81,1,0.63,1,0.6,competence / ability,290,1
cloud,haze,N,7.32,4.54,4.04,3,0.63,1,1.68,cloud / haze,291,1
supper,meal,N,7.53,4.63,4.62,3,0.63,1,0.47,supper / meal,292,1
bar,cage,N,2.8,4.67,5,4,0.63,1,0.51,bar / cage,293,1
water,salt,N,1.3,5,4.89,4,0.63,1,0.94,water / salt,294,1
sense,intuition,N,7.68,2.61,1.67,1,0.62,1,1.24,sense / intuition,295,1
situation,condition,N,6.58,2.03,2.15,1,0.61,1,1.41,situation / condition,296,1
crime,theft,N,7.53,3.03,2.93,2,0.61,1,1.32,crime / theft,297,1
style,fashion,N,8.5,2.67,3.43,2,0.61,1,0.87,style / fashion,298,1
boundary,border,N,9.08,3.04,4.29,2,0.61,1,0.44,boundary / border,299,1
arm,body,N,4.05,4.96,4.79,4,0.61,1,0.51,arm / body,300,1
boat,car,N,2.37,4.93,4.89,4,0.61,1,1.17,boat / car,301,1
sandwich,lunch,N,6.3,4.9,4.31,3,0.58,1,1.53,sandwich / lunch,302,1
bride,princess,N,2.8,4.63,4.72,3,0.58,1,0.92,bride / princess,303,1
heroine,hero,N,8.78,4.21,3.07,2,0.56,1,1.79,heroine / hero,304,1
car,gauge,N,1.13,4.89,4,3,0.56,1,1.47,car / gauge,305,1
insect,bee,N,6.07,4.89,4.88,4,0.55,1,1.34,insect / bee,306,1
crib,cradle,N,8.55,4.86,4.93,4,0.55,1,1.15,crib / cradle,307,1
animal,person,N,3.05,4.61,4.72,3,0.54,1,1.38,animal / person,308,1
marijuana,herb,N,6.5,4.89,4.57,3,0.54,1,0.59,marijuana / herb,309,1
bed,hospital,N,0.92,5,4.64,4,0.54,1,1.35,bed / hospital,310,1
cheek,tongue,N,4.52,4.83,4.93,4,0.54,1,0.47,cheek / tongue,311,1
disc,computer,N,3.2,4.85,4.93,4,0.54,1,0.44,disc / computer,312,1
curve,angle,N,3.33,4.41,3.5,3,0.53,1,1.51,curve / angle,313,1
grass,moss,N,5,4.93,4.9,4,0.53,1,1.27,grass / moss,314,1
school,law,N,1.13,4.79,2.57,2,0.52,1,1.49,school / law,315,1
foot,head,N,2.3,4.9,4.75,4,0.52,1,0.62,foot / head,316,1
mother,guardian,N,6.5,4.6,3.28,3,0.51,1,1.13,mother / guardian,317,1
orthodontist,dentist,N,8.27,4.43,4.93,3,0.51,1,1.47,orthodontist / dentist,318,1
alcohol,whiskey,N,7.27,4.76,4.74,4,0.51,1,1.19,alcohol / whiskey,319,1
mouth,tooth,N,6.3,4.74,4.89,4,0.51,1,1.39,mouth / tooth,320,1
breakfast,bacon,N,4.37,4.43,4.9,3,0.5,1,1.46,breakfast / bacon,321,1
bathroom,bedroom,N,3.4,4.52,4.9,3,0.5,1,1.73,bathroom / bedroom,322,1
plate,bowl,N,5.23,4.77,4.87,4,0.5,1,1.46,plate / bowl,323,1
meat,bacon,N,5.8,4.9,4.9,4,0.5,1,1.5,meat / bacon,324,1
air,helium,N,3.63,4.11,3.96,3,0.49,1,1.59,air / helium,325,1
worker,employer,N,5.37,4.59,3.81,3,0.49,1,1.4,worker / employer,326,1
body,chest,N,4.45,4.79,4.93,4,0.49,1,1.45,body / chest,327,1
son,father,N,3.82,4.14,4.52,3,0.48,1,1.75,son / father,328,1
heart,surgery,N,1.08,4.52,4.34,3,0.48,1,1.07,heart / surgery,329,1
woman,secretary,N,1.98,4.46,4.54,3,0.48,1,1.6,woman / secretary,330,1
man,father,N,4.83,4.79,4.52,3,0.48,1,1.62,man / father,331,1
beach,island,N,5.6,4.79,4.96,4,0.48,1,0.39,beach / island,332,1
story,topic,N,5,3.3,2.59,2,0.47,1,1.7,story / topic,333,1
game,fun,N,3.42,4.5,1.97,2,0.47,1,2.07,game / fun,334,1
weekend,week,N,4,3.83,3.48,2,0.47,1,1.57,weekend / week,335,1
couple,pair,N,8.33,3.93,3.88,3,0.47,1,1.5,couple / pair,336,1
woman,wife,N,5.72,4.46,4.13,3,0.47,1,1.35,woman / wife,337,1
sheep,cattle,N,4.77,4.9,4.64,4,0.47,1,0.47,sheep / cattle,338,1
purse,bag,N,8.33,4.9,4.9,4,0.47,1,1.39,purse / bag,339,1
ceiling,cathedral,N,2.42,4.85,4.86,4,0.46,1,1.57,ceiling / cathedral,340,1
bean,coffee,N,5.15,5,4.81,4,0.46,1,1.52,bean / coffee,341,1
wood,paper,N,2.88,4.85,4.93,4,0.44,0,1.55,wood / paper,342,1
top,side,N,1.9,3.93,3.68,3,0.43,0,1.29,top / side,343,1
crime,fraud,N,5.65,3.03,1.68,1,0.42,0,1.18,crime / fraud,344,1
pain,harm,N,5.38,3.5,2.62,2,0.42,0,0.95,pain / harm,345,1
lover,companion,N,5.97,3.68,3.75,3,0.42,0,0.8,lover / companion,346,1
evening,dusk,N,7.78,3.26,4.24,3,0.42,0,1.32,evening / dusk,347,1
father,daughter,N,2.62,4.52,4.79,3,0.42,0,1.69,father / daughter,348,1
wine,liquor,N,7.85,4.79,4.73,4,0.42,0,0.78,wine / liquor,349,1
cow,goat,N,2.93,4.96,5,4,0.42,0,0.59,cow / goat,350,1
belief,opinion,N,7.7,1.19,1.93,1,0.41,0,1.24,belief / opinion,351,1
reality,illusion,N,1.42,1.72,2.48,1,0.41,0,1.36,reality / illusion,352,1
pact,agreement,N,9.02,2.52,2.22,1,0.41,0,1.2,pact / agreement,353,1
wealth,poverty,N,1.27,2.63,2.54,1,0.41,0,1.47,wealth / poverty,354,1
accident,emergency,N,4.93,3.26,2.41,2,0.41,0,0.49,accident / emergency,355,1
battle,conquest,N,7.22,4,2.54,2,0.41,0,0.89,battle / conquest,356,1
friend,teacher,N,2.62,3.07,4.52,3,0.41,0,1.29,friend / teacher,357,1
illness,infection,N,6.9,3.54,4.1,3,0.41,0,1.28,illness / infection,358,1
game,trick,N,2.32,4.5,3.36,3,0.41,0,1.02,game / trick,359,1
brother,son,N,3.48,4.43,4.14,3,0.41,0,1.61,brother / son,360,1
aunt,nephew,N,3.1,4.17,4.48,3,0.41,0,1.31,aunt / nephew,361,1
worker,mechanic,N,4.92,4.59,4.38,3,0.41,0,1.2,worker / mechanic,362,1
doctor,orthodontist,N,5.58,4.69,4.43,3,0.41,0,1.25,doctor / orthodontist,363,1
oak,maple,N,6.03,4.82,4.46,3,0.41,0,0.39,oak / maple,364,1
bee,queen,N,3.27,4.88,4.45,3,0.41,0,1.2,bee / queen,365,1
car,bicycle,N,3.47,4.89,4.89,4,0.41,0,1.68,car / bicycle,366,1
goal,quest,N,5.83,3.06,2.87,2,0.4,0,1.31,goal / quest,367,1
august,month,N,5.53,3.04,4.2,2,0.4,0,1.54,august / month,368,1
army,squad,N,5.08,4.7,3.65,3,0.4,0,1.61,army / squad,369,1
cloud,weather,N,4.87,4.54,3.83,3,0.4,0,0.94,cloud / weather,370,1
physician,doctor,N,8.88,4.65,4.69,3,0.4,0,1.5,physician / doctor,371,1
canyon,valley,N,6.75,4.81,4.72,4,0.4,0,1.39,canyon / valley,372,1
river,valley,N,1.67,4.89,4.72,4,0.4,0,1.23,river / valley,373,1
sun,sky,N,2.27,4.83,4.45,3,0.39,0,1.67,sun / sky,374,1
target,arrow,N,3.25,4.11,4.97,3,0.38,0,1.74,target / arrow,375,1
chocolate,pie,N,2.27,4.72,4.92,4,0.38,0,1.79,chocolate / pie,376,1
circumstance,situation,N,7.85,1.77,2.03,1,0.36,0,1.31,circumstance / situation,377,1
opinion,choice,N,5.43,1.93,1.9,1,0.36,0,1.5,opinion / choice,378,1
rhythm,melody,N,6.12,3.07,3.71,2,0.36,0,1.27,rhythm / melody,379,1
gut,nerve,N,4.93,4.15,3.89,3,0.36,0,1.65,gut / nerve,380,1
day,dawn,N,5.47,3.92,4.46,3,0.36,0,1.45,day / dawn,381,1
cattle,beef,N,7.03,4.64,4.74,3,0.36,0,1.53,cattle / beef,382,1
doctor,professor,N,4.65,4.69,4.86,4,0.36,0,1.19,doctor / professor,383,1
arm,vein,N,3.65,4.96,4.63,4,0.36,0,1.62,arm / vein,384,1
room,bath,N,3.33,4.79,4.85,4,0.36,0,0.49,room / bath,385,1
corporation,business,N,9.02,2.79,3.28,2,0.35,0,1.44,corporation / business,386,1
fun,football,N,1.97,1.97,4.73,2,0.35,0,1.43,fun / football,387,1
hill,cliff,N,4.28,4.93,4.71,4,0.35,0,1.26,hill / cliff,388,1
bone,ankle,N,3.82,4.9,4.81,4,0.35,0,0.69,bone / ankle,389,1
apple,candy,N,2.08,5,4.83,4,0.35,0,0.75,apple / candy,390,1
helper,maid,N,5.58,3.39,4.64,3,0.34,0,0.44,helper / maid,391,1
leader,manager,N,7.27,3.89,4.14,3,0.34,0,1.43,leader / manager,392,1
lemon,tea,N,1.6,5,4.69,4,0.34,0,1.33,lemon / tea,393,1
bee,ant,N,2.78,4.88,4.86,4,0.34,0,1.04,bee / ant,394,1
basketball,baseball,N,4.92,4.97,4.86,4,0.34,0,0.93,basketball / baseball,395,1
rice,bean,N,2.72,4.86,5,4,0.34,0,1.27,rice / bean,396,1
bed,furniture,N,6.08,5,4.89,4,0.34,0,0.84,bed / furniture,397,1
emotion,passion,N,7.72,2.44,2.3,1,0.33,0,1.3,emotion / passion,398,1
anarchy,chaos,N,7.93,2.12,2.79,1,0.33,0,1.35,anarchy / chaos,399,1
crime,violation,N,7.12,3.03,2.67,2,0.33,0,0.87,crime / violation,400,1
machine,engine,N,5.58,4.25,4.86,3,0.33,0,1.95,machine / engine,401,1
beach,sea,N,4.68,4.79,4.79,4,0.33,0,1.08,beach / sea,402,1
alley,bowl,N,1.53,4.82,4.87,4,0.33,0,0.51,alley / bowl,403,1
jar,bottle,N,7.83,5,4.91,4,0.33,0,1.44,jar / bottle,404,1
strength,capability,N,5.28,2.96,1.93,1,0.32,0,1.33,strength / capability,405,1
seed,mustard,N,3.48,4.71,4.93,4,0.32,0,0.59,seed / mustard,406,1
guitar,drum,N,3.78,4.9,4.96,4,0.32,0,1.72,guitar / drum,407,1
opinion,idea,N,5.7,1.93,1.61,1,0.31,0,1.29,opinion / idea,408,1
north,west,N,3.63,4.14,3.44,3,0.31,0,1.6,north / west,409,1
diet,salad,N,2.98,3.21,4.97,3,0.31,0,1.6,diet / salad,410,1
mother,wife,N,3.02,4.6,4.13,3,0.31,0,1.62,mother / wife,411,1
dad,mother,N,3.55,4.29,4.6,3,0.31,0,1.44,dad / mother,412,1
captain,sailor,N,5,4.19,4.86,3,0.31,0,1.43,captain / sailor,413,1
meter,yard,N,5.6,4.7,4.82,4,0.31,0,1.32,meter / yard,414,1
beer,champagne,N,4.45,4.88,4.82,4,0.31,0,1.2,beer / champagne,415,1
motor,boat,N,2.57,4.84,4.93,4,0.31,0,1.45,motor / boat,416,1
card,bridge,N,1.97,4.9,4.97,4,0.31,0,1.69,card / bridge,417,1
science,psychology,N,4.92,2.79,2.31,1,0.3,0,1.91,science / psychology,418,1
sinner,saint,N,1.6,3.07,3.45,2,0.3,0,1.39,sinner / saint,419,1
destruction,construction,N,0.98,3.21,3.72,2,0.3,0,1.69,destruction / construction,420,1
crowd,bunch,N,7.42,4.52,3.5,3,0.3,0,1.37,crowd / bunch,421,1
beach,reef,N,3.77,4.79,4.7,4,0.3,0,1.85,beach / reef,422,1
man,child,N,4.13,4.79,4.78,4,0.3,0,1.34,man / child,423,1
bread,cheese,N,1.95,4.92,4.7,4,0.3,0,1.52,bread / cheese,424,1
champion,winner,N,8.73,3.82,3.21,2,0.29,0,1.15,champion / winner,425,1
celebration,ceremony,N,7.72,3.47,3.57,2,0.29,0,0.61,celebration / ceremony,426,1
menu,order,N,3.62,4.67,2.79,3,0.29,0,1.42,menu / order,427,1
king,princess,N,3.27,4.1,4.72,3,0.29,0,1.7,king / princess,428,1
wealth,prestige,N,6.07,2.63,1.61,1,0.28,0,1.55,wealth / prestige,429,1
endurance,strength,N,6.58,2,2.96,1,0.28,0,0.59,endurance / strength,430,1
danger,threat,N,8.78,2.68,2.52,2,0.28,0,1.56,danger / threat,431,1
god,priest,N,4.5,2.07,4.77,2,0.28,0,1.2,god / priest,432,1
men,fraternity,N,3.13,4.75,2.46,2,0.28,0,1.11,men / fraternity,433,1
buddy,companion,N,8.65,3.48,3.75,2,0.28,0,1.64,buddy / companion,434,1
teacher,helper,N,4.28,4.52,3.39,3,0.28,0,1.65,teacher / helper,435,1
body,stomach,N,3.93,4.79,4.89,4,0.28,0,1.15,body / stomach,436,1
tongue,throat,N,3.1,4.93,4.97,4,0.28,0,1.31,tongue / throat,437,1
house,carpet,N,1.38,5,4.96,4,0.28,0,1.44,house / carpet,438,1
intelligence,skill,N,5.35,2.24,2.17,1,0.27,0,1.29,intelligence / skill,439,1
journey,conquest,N,4.72,2.57,2.54,1,0.27,0,1.12,journey / conquest,440,1
god,prey,N,1.23,2.07,3.61,2,0.27,0,1.73,god / prey,441,1
brother,soul,N,0.97,4.43,1.86,2,0.27,0,1.18,brother / soul,442,1
adversary,opponent,N,9.05,2.93,3.52,2,0.27,0,1.4,adversary / opponent,443,1
death,catastrophe,N,4.13,3.73,2.96,2,0.27,0,1.46,death / catastrophe,444,1
monster,demon,N,6.95,3.72,3.32,2,0.27,0,1.5,monster / demon,445,1
day,morning,N,4.87,3.92,3.44,2,0.27,0,1.95,day / morning,446,1
man,victor,N,1.9,4.79,2.88,3,0.27,0,1.67,man / victor,447,1
friend,guy,N,3.88,3.07,4.68,3,0.27,0,1.49,friend / guy,448,1
song,story,N,3.97,4.46,3.3,3,0.27,0,1.27,song / story,449,1
ray,sunshine,N,6.83,3.57,4.21,3,0.27,0,1.55,ray / sunshine,450,1
guy,stud,N,5.83,4.68,4,3,0.27,0,1.7,guy / stud,451,1
chicken,rice,N,1.43,4.8,4.86,4,0.27,0,1.47,chicken / rice,452,1
box,elevator,N,1.32,4.9,4.79,4,0.27,0,1.28,box / elevator,453,1
butter,potato,N,1.22,4.9,4.85,4,0.27,0,1.19,butter / potato,454,1
apartment,furniture,N,1.28,4.9,4.89,4,0.27,0,1.72,apartment / furniture,455,1
lake,swamp,N,4.92,4.88,4.96,4,0.27,0,1.6,lake / swamp,456,1
salad,vinegar,N,1.13,4.97,4.89,4,0.27,0,1.65,salad / vinegar,457,1
flower,bulb,N,4.48,5,4.93,4,0.27,0,1.27,flower / bulb,458,1
cloud,mist,N,6.67,4.54,4.51,3,0.26,0,1.43,cloud / mist,459,1
driver,pilot,N,6.28,4.71,4.67,3,0.26,0,1.52,driver / pilot,460,1
sugar,honey,N,5.13,4.87,4.88,4,0.26,0,1.07,sugar / honey,461,1
body,shoulder,N,2.88,4.79,4.93,4,0.25,0,1.47,body / shoulder,462,1
idea,image,N,3.55,1.61,3.85,2,0.24,0,1.47,idea / image,463,1
father,brother,N,4.2,4.52,4.43,3,0.24,0,1.28,father / brother,464,1
moon,planet,N,5.87,4.9,4.58,4,0.24,0,1.57,moon / planet,465,1
ball,costume,N,2.32,5,4.57,4,0.24,0,1.02,ball / costume,466,1
rail,fence,N,5.22,4.9,4.82,4,0.24,0,1.17,rail / fence,467,1
room,bed,N,2.35,4.79,5,4,0.24,0,1.31,room / bed,468,1
flower,bush,N,4.25,5,4.9,4,0.24,0,1.66,flower / bush,469,1
bone,knee,N,4.17,4.9,5,4,0.24,0,1.64,bone / knee,470,1
arm,knee,N,2.75,4.96,5,4,0.24,0,0.59,arm / knee,471,1
bottom,side,N,2.63,4.25,3.68,3,0.22,0,1.51,bottom / side,472,1
vessel,vein,N,5.15,4.66,4.63,3,0.22,0,1.55,vessel / vein,473,1
cat,rabbit,N,2.37,4.86,4.93,4,0.22,0,1.67,cat / rabbit,474,1
meat,sandwich,N,2.35,4.9,4.9,4,0.22,0,1.69,meat / sandwich,475,1
belief,concept,N,5.08,1.19,1.41,1,0.21,0,1.44,belief / concept,476,1
intelligence,insight,N,5.9,2.24,1.72,1,0.21,0,1.59,intelligence / insight,477,1
attention,interest,N,7.22,2.3,1.8,1,0.21,0,1.21,attention / interest,478,1
attitude,confidence,N,4.35,1.97,2.17,1,0.21,0,1.22,attitude / confidence,479,1
right,justice,N,7.05,3.47,1.45,1,0.21,0,1.52,right / justice,480,1
argument,agreement,N,1.45,2.85,2.22,1,0.21,0,1.36,argument / agreement,481,1
depth,magnitude,N,6.12,3.11,2.43,2,0.21,0,1.64,depth / magnitude,482,1
medium,news,N,3.65,3,3.41,2,0.21,0,1.3,medium / news,483,1
winner,candidate,N,2.78,3.21,3.81,2,0.21,0,1.29,winner / candidate,484,1
birthday,date,N,5.08,3.2,3.9,2,0.21,0,1.2,birthday / date,485,1
fee,payment,N,7.15,3.89,3.91,3,0.21,0,1.56,fee / payment,486,1
bible,hymn,N,5.15,4.61,4.04,3,0.21,0,1.08,bible / hymn,487,1
exit,doorway,N,5.5,3.93,4.75,3,0.21,0,1.73,exit / doorway,488,1
man,sentry,N,3.25,4.79,4.04,3,0.21,0,1.22,man / sentry,489,1
aisle,hall,N,6.35,4.35,4.67,3,0.21,0,0.96,aisle / hall,490,1
whiskey,gin,N,6.28,4.74,4.46,3,0.21,0,1.14,whiskey / gin,491,1
blood,marrow,N,3.4,4.86,4.48,3,0.21,0,1.17,blood / marrow,492,1
oil,mink,N,1.23,4.93,4.58,4,0.21,0,1.53,oil / mink,493,1
floor,deck,N,5.55,4.8,4.77,4,0.21,0,1.06,floor / deck,494,1
roof,floor,N,2.62,4.79,4.8,4,0.21,0,1.66,roof / floor,495,1
door,floor,N,1.67,4.81,4.8,4,0.21,0,0.39,door / floor,496,1
shoulder,head,N,3.42,4.93,4.75,4,0.21,0,1.14,shoulder / head,497,1
wagon,carriage,N,7.7,4.89,4.86,4,0.21,0,1.84,wagon / carriage,498,1
car,carriage,N,5.13,4.89,4.86,4,0.21,0,1.2,car / carriage,499,1
elbow,ankle,N,3.13,5,4.81,4,0.21,0,1.48,elbow / ankle,500,1