word1,word2,POS,SimLex999,conc(w1),conc(w2),concQ,Assoc(USF),SimAssoc333,SD(SimLex),stimulus,stimulusID,list
old,new,A,1.58,2.72,2.81,2,7.25,1,0.41,old / new,1,1
smart,intelligent,A,9.2,1.75,2.46,1,7.11,1,0.67,smart / intelligent,2,1
hard,difficult,A,8.77,3.76,2.21,2,5.94,1,1.19,hard / difficult,3,1
happy,cheerful,A,9.55,2.56,2.34,1,5.85,1,2.18,happy / cheerful,4,1
hard,easy,A,0.95,3.76,2.07,2,5.82,1,0.93,hard / easy,5,1
fast,rapid,A,8.75,3.32,3.07,2,5.66,1,1.68,fast / rapid,6,1
happy,glad,A,9.17,2.56,2.36,1,5.49,1,1.59,happy / glad,7,1
short,long,A,1.23,3.61,3.18,2,5.36,1,1.58,short / long,8,1
stupid,dumb,A,9.58,1.75,2.36,1,5.26,1,1.48,stupid / dumb,9,1
weird,strange,A,8.93,1.59,1.86,1,4.26,1,1.3,weird / strange,10,1
wide,narrow,A,1.03,3.06,3.04,2,4.06,1,0.58,wide / narrow,11,1
bad,awful,A,8.42,1.68,1.92,1,3.41,1,1.74,bad / awful,12,1
easy,difficult,A,0.58,2.07,2.21,1,2.83,1,0.36,easy / difficult,13,1
bad,terrible,A,7.78,1.68,2.04,1,2.31,1,1.43,bad / terrible,14,1
hard,simple,A,1.38,3.76,1.62,2,2.16,1,1.03,hard / simple,15,1
smart,dumb,A,0.55,1.75,2.36,1,2.1,1,0.47,smart / dumb,16,1
insane,crazy,A,9.57,1.77,2.37,1,2.09,1,0.92,insane / crazy,17,1
happy,mad,A,0.95,2.56,2.76,2,2.07,1,1.4,happy / mad,18,1
large,huge,A,9.47,3.37,3.54,2,2,1,1.27,large / huge,19,1
hard,tough,A,8.05,3.76,2.5,2,1.99,1,1.18,hard / tough,20,1
new,fresh,A,6.83,2.81,1.97,1,1.98,1,1.2,new / fresh,21,1
sharp,dull,A,0.6,3.86,2.37,2,1.48,1,1.39,sharp / dull,22,1
quick,rapid,A,9.7,2.89,3.07,2,1.38,1,1.14,quick / rapid,23,1
dumb,foolish,A,6.67,2.36,1.84,1,1.34,1,1.36,dumb / foolish,24,1
wonderful,terrific,A,8.63,1.82,2.07,1,1.17,1,1.63,wonderful / terrific,25,1
strange,odd,A,9.02,1.86,1.7,1,1.16,1,1.04,strange / odd,26,1
happy,angry,A,1.28,2.56,2.53,1,1.15,1,1.41,happy / angry,27,1
narrow,broad,A,1.18,3.04,2.45,2,1,1,1.18,narrow / broad,28,1
simple,easy,A,9.4,1.62,2.07,1,0.96,1,1.51,simple / easy,29,1
old,fresh,A,0.87,2.72,1.97,1,0.91,1,1.64,old / fresh,30,1
apparent,obvious,A,8.47,1.73,2.07,1,0.89,1,1.52,apparent / obvious,31,1
inexpensive,cheap,A,8.72,2.22,2.11,1,0.79,1,0.81,inexpensive / cheap,32,1
nice,generous,A,5,2.18,2.25,1,0.77,1,1.14,nice / generous,33,1
weird,normal,A,0.72,1.59,1.4,1,0.76,1,1.15,weird / normal,34,1
weird,odd,A,9.2,1.59,1.7,1,0.75,1,1.27,weird / odd,35,1
bad,immoral,A,7.62,1.68,1.59,1,0.74,1,0.98,bad / immoral,36,1
sad,funny,A,0.95,3.07,2.5,2,0.74,1,1.28,sad / funny,37,1
wonderful,great,A,8.05,1.82,1.81,1,0.7,1,1.05,wonderful / great,38,1
guilty,ashamed,A,6.38,2.36,1.74,1,0.69,1,0.47,guilty / ashamed,39,1
beautiful,wonderful,A,6.5,2.16,1.82,1,0.68,1,0.85,beautiful / wonderful,40,1
confident,sure,A,8.27,2.62,1.73,1,0.68,1,1.21,confident / sure,41,1
dumb,dense,A,7.27,2.36,3.14,2,0.68,1,0.43,dumb / dense,42,1
large,big,A,9.55,3.37,3.66,2,0.68,1,0.44,large / big,43,1
nice,cruel,A,0.67,2.18,2.11,1,0.49,1,1.53,nice / cruel,44,1
impatient,anxious,A,6.03,2.38,1.68,1,0.47,1,1.22,impatient / anxious,45,1
big,broad,A,6.73,3.66,2.45,2,0.47,1,1.68,big / broad,46,1
strong,proud,A,3.17,3.14,2.07,2,0.42,0,1.46,strong / proud,47,1
unnecessary,necessary,A,0.63,1.56,1.8,1,0.41,0,0.61,unnecessary / necessary,48,1
restless,young,A,1.6,2.46,3.16,2,0.41,0,0.85,restless / young,49,1
dumb,intelligent,A,0.75,2.36,2.46,1,0.37,0,1.5,dumb / intelligent,50,1
bad,great,A,0.35,1.68,1.81,1,0.35,0,1.49,bad / great,51,1
difficult,simple,A,0.87,2.21,1.62,1,0.34,0,0.44,difficult / simple,52,1
necessary,important,A,7.37,1.8,2.14,1,0.34,0,1.36,necessary / important,53,1
bad,terrific,A,0.65,1.68,2.07,1,0.28,0,1.43,bad / terrific,54,1
mad,glad,A,1.45,2.76,2.36,1,0.28,0,1.17,mad / glad,55,1
honest,guilty,A,1.18,1.66,2.36,1,0.27,0,1.68,honest / guilty,56,1
easy,tough,A,0.52,2.07,2.5,1,0.27,0,1.87,easy / tough,57,1
easy,flexible,A,4.1,2.07,2.64,1,0.27,0,1.08,easy / flexible,58,1
certain,sure,A,8.42,1.68,1.73,1,0.23,0,1.29,certain / sure,59,1
essential,necessary,A,8.97,1.52,1.8,1,0.21,0,1.11,essential / necessary,60,1
different,normal,A,1.08,1.97,1.4,1,0.21,0,1.75,different / normal,61,1
sly,clever,A,7.25,2.03,1.79,1,0.21,0,1.41,sly / clever,62,1
crucial,important,A,8.82,2.08,2.14,1,0.21,0,1.25,crucial / important,63,1
harsh,cruel,A,8.18,2.23,2.11,1,0.21,0,1.66,harsh / cruel,64,1
childish,foolish,A,5.5,2.52,1.84,1,0.21,0,1.45,childish / foolish,65,1
scarce,rare,A,9.17,2.57,1.96,1,0.21,0,1.21,scarce / rare,66,1
friendly,generous,A,5.9,2.32,2.25,1,0.21,0,0.6,friendly / generous,67,1
fragile,frigid,A,2.38,2.86,3.28,2,0.21,0,0.84,fragile / frigid,68,1
long,narrow,A,3.57,3.18,3.04,2,0.21,0,1.62,long / narrow,69,1
big,heavy,A,6.18,3.66,3.37,2,0.21,0,1.54,big / heavy,70,1
rough,frigid,A,2.47,3.83,3.28,2,0.21,0,1.37,rough / frigid,71,1
bizarre,strange,A,9.37,1.79,1.86,1,0.2,0,1.54,bizarre / strange,72,1
illegal,immoral,A,4.28,2.37,1.59,1,0.2,0,1.57,illegal / immoral,73,1
bad,guilty,A,4.2,1.68,2.36,1,0.2,0,1.47,bad / guilty,74,1
modern,ancient,A,0.73,2.31,2.04,1,0.2,0,0.71,modern / ancient,75,1
new,ancient,A,0.23,2.81,2.04,1,0.2,0,0.46,new / ancient,76,1
dull,funny,A,0.55,2.37,2.5,1,0.2,0,1.76,dull / funny,77,1
happy,young,A,2,2.56,3.16,2,0.2,0,0.47,happy / young,78,1
easy,big,A,1.12,2.07,3.66,2,0.2,0,1.22,easy / big,79,1
great,awful,A,1.17,1.81,1.92,1,0.15,0,1.53,great / awful,80,1
tiny,huge,A,0.6,3.11,3.54,2,0.15,0,0.59,tiny / huge,81,1
polite,proper,A,7.63,1.85,1.78,1,0.14,0,1.42,polite / proper,82,1
modest,ashamed,A,2.65,2.21,1.74,1,0.14,0,1,modest / ashamed,83,1
exotic,rare,A,8.05,2.11,1.96,1,0.14,0,0.93,exotic / rare,84,1
dumb,clever,A,1.17,2.36,1.79,1,0.14,0,1.3,dumb / clever,85,1
delightful,wonderful,A,8.65,2.38,1.82,1,0.14,0,1.29,delightful / wonderful,86,1
noticeable,obvious,A,8.48,2.29,2.07,1,0.14,0,1.69,noticeable / obvious,87,1
afraid,anxious,A,5.07,2.7,1.68,1,0.14,0,1.28,afraid / anxious,88,1
formal,proper,A,8.02,2.7,1.78,1,0.14,0,1.31,formal / proper,89,1
dreary,dull,A,8.25,2.33,2.37,1,0.14,0,1.85,dreary / dull,90,1
delightful,cheerful,A,6.58,2.38,2.34,1,0.14,0,1.56,delightful / cheerful,91,1
unhappy,mad,A,5.95,2.04,2.76,1,0.14,0,1.36,unhappy / mad,92,1
sad,terrible,A,5.4,3.07,2.04,1,0.14,0,0.44,sad / terrible,93,1
sick,crazy,A,3.57,2.97,2.37,2,0.14,0,0.95,sick / crazy,94,1
violent,angry,A,6.98,3.1,2.53,2,0.14,0,1.55,violent / angry,95,1
laden,heavy,A,5.9,2.96,3.37,2,0.14,0,1.28,laden / heavy,96,1
dirty,cheap,A,1.6,4.23,2.11,2,0.14,0,1.1,dirty / cheap,97,1
elastic,flexible,A,7.78,3.73,2.64,2,0.14,0,1.09,elastic / flexible,98,1
hard,dense,A,5.9,3.76,3.14,2,0.14,0,1,hard / dense,99,1
recent,new,A,7.05,2.5,2.81,2,0.13,0,1.05,recent / new,100,1
bold,proud,A,3.97,2.43,2.07,1,0.12,0,1.36,bold / proud,101,1
sly,strange,A,1.97,2.03,1.86,1,0,0,1.07,sly / strange,102,1
strange,sly,A,2.07,1.86,2.03,1,0,0,0.51,strange / sly,103,1
dumb,rare,A,0.48,2.36,1.96,1,0,0,1.55,dumb / rare,104,1
sly,tough,A,0.58,2.03,2.5,1,0,0,1.01,sly / tough,105,1
terrific,mad,A,0.4,2.07,2.76,1,0,0,0.86,terrific / mad,106,1
modest,flexible,A,0.98,2.21,2.64,1,0,0,1.89,modest / flexible,107,1
fresh,wide,A,0.4,1.97,3.06,1,0,0,1.41,fresh / wide,108,1
huge,dumb,A,0.48,3.54,2.36,2,0,0,0.91,huge / dumb,109,1
large,flexible,A,0.48,3.37,2.64,2,0,0,1.59,large / flexible,110,1
dirty,narrow,A,0.3,4.23,3.04,2,0,0,0.89,dirty / narrow,111,1
wife,husband,N,2.3,4.13,4.11,3,8.85,1,0.84,wife / husband,112,1
book,text,N,6.35,4.9,4.93,4,8.81,1,1.43,book / text,113,1
groom,bride,N,3.17,4.54,4.63,3,8.65,1,0.68,groom / bride,114,1
night,day,N,1.88,4.52,3.92,3,8.19,1,1.17,night / day,115,1
south,north,N,2.2,3.84,4.14,3,7.72,1,0.59,south / north,116,1
plane,airport,N,3.65,4.92,4.87,4,7.57,1,1.07,plane / airport,117,1
uncle,aunt,N,5.5,4.24,4.17,3,7.46,1,1.63,uncle / aunt,118,1
horse,mare,N,8.33,5,4.75,4,7.4,1,0.73,horse / mare,119,1
bottom,top,N,0.7,4.25,3.93,3,6.96,1,1.16,bottom / top,120,1
friend,buddy,N,8.78,3.07,3.48,2,6.87,1,0.93,friend / buddy,121,1
student,pupil,N,9.35,4.92,4.55,3,6.83,1,1.11,student / pupil,122,1
world,globe,N,6.67,4.36,4.59,3,6.79,1,0.67,world / globe,123,1
leg,arm,N,2.88,4.83,4.96,4,6.73,1,0.79,leg / arm,124,1
plane,jet,N,8.1,4.92,4.77,4,6.62,1,1.24,plane / jet,125,1
woman,man,N,3.33,4.46,4.79,3,6.6,1,1.42,woman / man,126,1
horse,colt,N,7.07,5,4.96,4,6.54,1,0.84,horse / colt,127,1
actress,actor,N,7.12,4.54,4.57,3,5.78,1,1.3,actress / actor,128,1
teacher,instructor,N,9.25,4.52,4.26,3,5.66,1,1.53,teacher / instructor,129,1
movie,film,N,8.87,4.59,4.71,3,5.43,1,1.72,movie / film,130,1
bird,hawk,N,7.85,5,4.93,4,5.29,1,0.91,bird / hawk,131,1
word,dictionary,N,3.68,3.56,4.62,3,5.2,1,1.56,word / dictionary,132,1
money,salary,N,7.88,4.54,3.69,3,5.16,1,1.11,money / salary,133,1
dog,cat,N,1.75,4.85,4.86,4,5.13,1,1.3,dog / cat,134,1
area,region,N,9.47,3.72,3.19,2,5.12,1,0.58,area / region,135,1
navy,army,N,6.43,3.93,4.7,3,5,1,0.53,navy / army,136,1
book,literature,N,7.53,4.9,4.1,3,4.86,1,0.45,book / literature,137,1
clothes,closet,N,3.27,4.76,4.83,4,4.83,1,1.29,clothes / closet,138,1
sunset,sunrise,N,2.47,4.54,4.69,3,4.8,1,1.12,sunset / sunrise,139,1
child,adult,N,2.98,4.78,4.4,3,4.59,1,1.48,child / adult,140,1
cow,cattle,N,9.52,4.96,4.64,4,4.39,1,0.79,cow / cattle,141,1
book,story,N,5.63,4.9,3.3,3,4.19,1,0.78,book / story,142,1
winter,summer,N,2.38,3.84,3.64,3,3.96,1,0.47,winter / summer,143,1
taxi,cab,N,9.2,4.93,4.88,4,3.86,1,1.23,taxi / cab,144,1
tree,maple,N,5.53,5,4.46,3,3.67,1,1.19,tree / maple,145,1
bed,bedroom,N,3.4,5,4.9,4,3.53,1,1.25,bed / bedroom,146,1
roof,ceiling,N,7.58,4.79,4.85,4,3.5,1,0.77,roof / ceiling,147,1
disease,infection,N,7.15,3.45,4.1,3,3.45,1,1.08,disease / infection,148,1
arm,shoulder,N,4.85,4.96,4.93,4,3.35,1,1.81,arm / shoulder,149,1
sheep,lamb,N,8.42,4.9,4.97,4,3.33,1,1.51,sheep / lamb,150,1
lady,gentleman,N,3.42,4.33,3.57,3,3.29,1,1.08,lady / gentleman,151,1
boat,anchor,N,2.25,4.93,4.77,4,3.25,1,1.1,boat / anchor,152,1
priest,monk,N,6.28,4.77,4.35,3,3.23,1,0.61,priest / monk,153,1
toe,finger,N,4.68,4.93,5,4,3.22,1,0.55,toe / finger,154,1
river,stream,N,7.3,4.89,4.5,3,3.21,1,0.81,river / stream,155,1
anger,fury,N,8.73,2.41,2.89,2,3.06,1,1.89,anger / fury,156,1
date,calendar,N,4.42,3.9,4.62,3,3.05,1,1.5,date / calendar,157,1
sea,ocean,N,8.27,4.79,4.86,4,2.91,1,1.3,sea / ocean,158,1
second,minute,N,4.62,3.3,3.04,2,2.84,1,1.15,second / minute,159,1
hand,thumb,N,3.88,4.72,4.96,4,2.84,1,0.44,hand / thumb,160,1
wood,log,N,7.3,4.85,4.96,4,2.79,1,0.87,wood / log,161,1
mud,dirt,N,7.32,4.86,4.86,4,2.76,1,0.48,mud / dirt,162,1
hallway,corridor,N,9.28,4.74,4.72,3,2.7,1,0.76,hallway / corridor,163,1
way,manner,N,7.62,2.34,1.62,1,2.56,1,0.44,way / manner,164,1
mouse,cat,N,1.12,4.83,4.86,4,2.56,1,1.02,mouse / cat,165,1
cop,sheriff,N,9.05,4.3,4.5,3,2.54,1,1.55,cop / sheriff,166,1
death,burial,N,4.93,3.73,3.93,3,2.46,1,1.88,death / burial,167,1
music,melody,N,6.98,4.31,3.71,3,2.43,1,1.36,music / melody,168,1
beer,alcohol,N,7.5,4.88,4.76,4,2.4,1,1.07,beer / alcohol,169,1
mouth,lip,N,7.1,4.74,4.96,4,2.28,1,1.4,mouth / lip,170,1
storm,hurricane,N,6.38,4.7,4.59,3,2.27,1,0.9,storm / hurricane,171,1
tax,income,N,2.38,3.89,3.07,2,2.25,1,1.15,tax / income,172,1
flower,violet,N,6.95,5,4.48,4,2.22,1,1.72,flower / violet,173,1
paper,cardboard,N,5.38,4.93,4.9,4,2.2,1,1.22,paper / cardboard,174,1
floor,ceiling,N,1.73,4.8,4.85,4,2.18,1,0.97,floor / ceiling,175,1
beach,seashore,N,8.33,4.79,4.63,3,2.15,1,0.47,beach / seashore,176,1
rod,curtain,N,3.03,4.43,4.82,3,2.13,1,0.39,rod / curtain,177,1
hound,fox,N,2.38,4.48,4.97,3,2.13,1,1.36,hound / fox,178,1
street,alley,N,5.48,4.75,4.82,4,2.07,1,1.62,street / alley,179,1
boat,deck,N,4.28,4.93,4.77,4,2.04,1,1.39,boat / deck,180,1
car,horn,N,2.57,4.89,5,4,2.04,1,0.79,car / horn,181,1
friend,guest,N,4.25,3.07,3.83,2,1.97,1,1.41,friend / guest,182,1
employer,employee,N,3.65,3.81,4.1,3,1.96,1,0.95,employer / employee,183,1
hand,wrist,N,3.97,4.72,4.93,4,1.96,1,1.32,hand / wrist,184,1
ball,cannon,N,2.58,5,4.79,4,1.96,1,1.82,ball / cannon,185,1
alcohol,brandy,N,6.98,4.76,4.81,4,1.93,1,0.57,alcohol / brandy,186,1
victory,triumph,N,8.98,2.55,2.17,1,1.9,1,0.94,victory / triumph,187,1
telephone,booth,N,3.63,4.96,4.42,3,1.88,1,1.1,telephone / booth,188,1
door,doorway,N,5.4,4.81,4.75,4,1.88,1,1.86,door / doorway,189,1
motel,inn,N,8.17,4.93,4.64,4,1.86,1,0.39,motel / inn,190,1
clothes,cloth,N,5.47,4.76,4.9,4,1.82,1,1.43,clothes / cloth,191,1
steak,meat,N,7.47,4.96,4.9,4,1.81,1,1.34,steak / meat,192,1
nail,thumb,N,3.55,4.93,4.96,4,1.76,1,1.16,nail / thumb,193,1
band,orchestra,N,7.08,4.68,4.79,4,1.75,1,1.36,band / orchestra,194,1
book,bible,N,5,4.9,4.61,4,1.74,1,1.43,book / bible,195,1
business,industry,N,7.02,3.28,3.29,2,1.73,1,1.1,business / industry,196,1
winter,season,N,6.27,3.84,3.32,2,1.71,1,1.76,winter / season,197,1
decade,century,N,3.48,3.19,2.83,2,1.64,1,1.36,decade / century,198,1
alcohol,gin,N,8.65,4.76,4.46,3,1.64,1,1.17,alcohol / gin,199,1
hat,coat,N,2.67,4.88,4.97,4,1.62,1,1.76,hat / coat,200,1
window,door,N,3.33,4.86,4.81,4,1.56,1,1.6,window / door,201,1
arm,wrist,N,3.57,4.96,4.93,4,1.55,1,1.33,arm / wrist,202,1
house,apartment,N,5.8,5,4.9,4,1.54,1,1.4,house / apartment,203,1
glass,crystal,N,6.27,4.82,4.58,3,1.52,1,1.48,glass / crystal,204,1
wine,brandy,N,5.15,4.79,4.81,4,1.52,1,1.67,wine / brandy,205,1
creator,maker,N,9.62,3.07,3.9,2,1.51,1,1.4,creator / maker,206,1
dinner,breakfast,N,3.33,4.5,4.43,3,1.49,1,1.72,dinner / breakfast,207,1
arm,muscle,N,3.72,4.96,4.5,3,1.45,1,0.83,arm / muscle,208,1
bubble,suds,N,8.57,4.6,4.59,3,1.42,1,1.59,bubble / suds,209,1
bread,flour,N,3.33,4.92,4.97,4,1.42,1,1.25,bread / flour,210,1
death,tragedy,N,5.8,3.73,2.07,2,1.41,1,1.13,death / tragedy,211,1
absence,presence,N,0.4,2.31,2.72,1,1.38,1,1.5,absence / presence,212,1
gun,cannon,N,5.68,4.83,4.79,4,1.35,1,1.56,gun / cannon,213,1
grass,blade,N,4.57,4.93,4.93,4,1.34,1,1.53,grass / blade,214,1
ball,basket,N,1.67,5,5,4,1.33,1,1.08,ball / basket,215,1
hose,garden,N,1.67,4.87,4.73,4,1.32,1,1.1,hose / garden,216,1
boy,kid,N,7.5,4.76,4.56,3,1.28,1,1.44,boy / kid,217,1
church,choir,N,2.95,4.9,4.34,3,1.27,1,1.43,church / choir,218,1
clothes,drawer,N,3.02,4.76,4.67,3,1.27,1,1.49,clothes / drawer,219,1
tower,bell,N,1.9,4.76,4.96,4,1.22,1,1.41,tower / bell,220,1
father,parent,N,7.07,4.52,4.56,3,1.19,1,1.06,father / parent,221,1
school,grade,N,4.42,4.79,3,3,1.18,1,1.32,school / grade,222,1
parent,adult,N,5.37,4.56,4.4,3,1.15,1,1.6,parent / adult,223,1
bar,jail,N,1.9,4.67,4.83,4,1.15,1,1.12,bar / jail,224,1
car,highway,N,3.4,4.89,4.72,4,1.15,1,1.77,car / highway,225,1
dictionary,definition,N,6.25,4.62,3.07,3,1.14,1,1.06,dictionary / definition,226,1
door,cellar,N,1.97,4.81,4.68,4,1.13,1,1.47,door / cellar,227,1
army,legion,N,5.95,4.7,2.69,2,1.11,1,1.29,army / legion,228,1
metal,aluminum,N,7.25,4.87,4.88,4,1.1,1,1.76,metal / aluminum,229,1
chair,bench,N,6.67,4.58,4.87,3,1.09,1,1.22,chair / bench,230,1
cloud,fog,N,6,4.54,4.66,3,1.05,1,1.04,cloud / fog,231,1
boy,son,N,6.75,4.76,4.14,3,1.03,1,0.88,boy / son,232,1
water,ice,N,6.47,5,4.89,4,1.03,1,1.66,water / ice,233,1
bed,blanket,N,3.02,5,5,4,1.02,1,1.48,bed / blanket,234,1
attorney,lawyer,N,9.35,4.52,4.7,3,1.01,1,1.4,attorney / lawyer,235,1
area,zone,N,8.33,3.72,3.07,2,0.97,1,0.89,area / zone,236,1
business,company,N,9.02,3.28,4.11,3,0.97,1,0.47,business / company,237,1
clothes,fabric,N,5.87,4.76,4.63,3,0.96,1,1.66,clothes / fabric,238,1
sweater,jacket,N,7.15,4.78,4.86,4,0.96,1,1.13,sweater / jacket,239,1
money,capital,N,6.67,4.54,4.1,3,0.95,1,0.97,money / capital,240,1
hand,foot,N,4.17,4.72,4.9,4,0.95,1,1.41,hand / foot,241,1
alcohol,cocktail,N,6.73,4.76,4.4,3,0.93,1,1.2,alcohol / cocktail,242,1
yard,inch,N,3.78,4.82,4.37,3,0.93,1,1.4,yard / inch,243,1
molecule,atom,N,6.45,3.27,3.34,2,0.92,1,1.56,molecule / atom,244,1
lens,camera,N,4.28,4.64,5,4,0.9,1,1.89,lens / camera,245,1
meal,dinner,N,7.15,4.62,4.5,3,0.88,1,2,meal / dinner,246,1
eye,tear,N,3.55,4.9,4.56,3,0.88,1,1.48,eye / tear,247,1
god,devil,N,1.8,2.07,3.41,2,0.87,1,1.1,god / devil,248,1
loop,belt,N,3.1,4.26,4.9,3,0.87,1,1.74,loop / belt,249,1
rat,mouse,N,7.78,4.85,4.83,4,0.87,1,0.93,rat / mouse,250,1
motor,engine,N,8.65,4.84,4.86,4,0.87,1,1.47,motor / engine,251,1
car,cab,N,7.42,4.89,4.88,4,0.87,1,1.15,car / cab,252,1
cat,lion,N,6.75,4.86,4.96,4,0.85,1,0.84,cat / lion,253,1
size,magnitude,N,6.33,3.13,2.43,2,0.84,1,0.59,size / magnitude,254,1
reality,fantasy,N,1.03,1.72,1.59,1,0.83,1,0.89,reality / fantasy,255,1
door,gate,N,5.25,4.81,4.96,4,0.83,1,1.47,door / gate,256,1
cat,pet,N,5.95,4.86,4.71,4,0.82,1,1.41,cat / pet,257,1
tin,aluminum,N,6.42,4.87,4.88,4,0.82,1,1.3,tin / aluminum,258,1
bone,jaw,N,4.17,4.9,4.87,4,0.82,1,0.44,bone / jaw,259,1
cereal,wheat,N,3.75,4.83,4.89,4,0.81,1,1.72,cereal / wheat,260,1
house,key,N,1.9,5,4.89,4,0.8,1,1.09,house / key,261,1
blood,flesh,N,4.28,4.86,4.59,3,0.79,1,1.74,blood / flesh,262,1
door,corridor,N,3.73,4.81,4.72,4,0.79,1,1.11,door / corridor,263,1
god,spirit,N,7.3,2.07,1.6,1,0.77,1,1.63,god / spirit,264,1
capability,competence,N,7.62,1.93,1.78,1,0.77,1,0.84,capability / competence,265,1
abundance,plenty,N,8.97,2.21,2.39,1,0.77,1,1.02,abundance / plenty,266,1
sofa,chair,N,6.67,4.9,4.58,4,0.77,1,1.56,sofa / chair,267,1
wall,brick,N,4.68,4.86,4.83,4,0.77,1,1.16,wall / brick,268,1
horn,drum,N,2.68,5,4.96,4,0.77,1,0.47,horn / drum,269,1
organ,liver,N,6.15,4.77,4.68,3,0.76,1,1.12,organ / liver,270,1
strength,might,N,7.07,2.96,2.32,2,0.74,1,0.8,strength / might,271,1
phrase,word,N,5.48,2.86,3.56,2,0.74,1,1.73,phrase / word,272,1
band,parade,N,3.92,4.68,4.54,3,0.74,1,1.74,band / parade,273,1
stomach,waist,N,5.9,4.89,4.72,4,0.74,1,1.49,stomach / waist,274,1
cloud,storm,N,5.6,4.54,4.7,3,0.73,1,1.47,cloud / storm,275,1
joy,pride,N,5,2.37,1.66,1,0.72,1,0.9,joy / pride,276,1
noise,rattle,N,6.17,3.52,4.07,3,0.72,1,1.33,noise / rattle,277,1
rain,mist,N,5.97,4.97,4.51,4,0.71,1,1.83,rain / mist,278,1
beer,beverage,N,5.42,4.88,4.6,4,0.71,1,1.34,beer / beverage,279,1
man,uncle,N,3.92,4.79,4.24,3,0.7,1,1.36,man / uncle,280,1
apple,juice,N,2.88,5,4.89,4,0.7,1,1.65,apple / juice,281,1
intelligence,logic,N,6.5,2.24,1.72,1,0.68,1,1.2,intelligence / logic,282,1
communication,language,N,7.47,2.9,2.35,2,0.68,1,1.09,communication / language,283,1
mink,fur,N,6.83,4.58,4.69,3,0.68,1,0.39,mink / fur,284,1
mob,crowd,N,7.85,3.88,4.52,3,0.67,1,1.2,mob / crowd,285,1
shore,coast,N,8.83,4.79,4.21,3,0.67,1,1.53,shore / coast,286,1
wire,cord,N,7.62,4.72,4.63,3,0.67,1,1.35,wire / cord,287,1
bird,turkey,N,6.58,5,4.89,4,0.67,1,1.6,bird / turkey,288,1
bed,crib,N,7.3,5,4.86,4,0.65,1,1.56,bed / crib,289,1
competence,ability,N,7.5,1.78,1.81,1,0.63,1,0.6,competence / ability,290,1
cloud,haze,N,7.32,4.54,4.04,3,0.63,1,1.68,cloud / haze,291,1
supper,meal,N,7.53,4.63,4.62,3,0.63,1,0.47,supper / meal,292,1
bar,cage,N,2.8,4.67,5,4,0.63,1,0.51,bar / cage,293,1
water,salt,N,1.3,5,4.89,4,0.63,1,0.94,water / salt,294,1
sense,intuition,N,7.68,2.61,1.67,1,0.62,1,1.24,sense / intuition,295,1
situation,condition,N,6.58,2.03,2.15,1,0.61,1,1.41,situation / condition,296,1
crime,theft,N,7.53,3.03,2.93,2,0.61,1,1.32,crime / theft,297,1
style,fashion,N,8.5,2.67,3.43,2,0.61,1,0.87,style / fashion,298,1
boundary,border,N,9.08,3.04,4.29,2,0.61,1,0.44,boundary / border,299,1
arm,body,N,4.05,4.96,4.79,4,0.61,1,0.51,arm / body,300,1
boat,car,N,2.37,4.93,4.89,4,0.61,1,1.17,boat / car,301,1
sandwich,lunch,N,6.3,4.9,4.31,3,0.58,1,1.53,sandwich / lunch,302,1
bride,princess,N,2.8,4.63,4.72,3,0.58,1,0.92,bride / princess,303,1
heroine,hero,N,8.78,4.21,3.07,2,0.56,1,1.79,heroine / hero,304,1
car,gauge,N,1.13,4.89,4,3,0.56,1,1.47,car / gauge,305,1
insect,bee,N,6.07,4.89,4.88,4,0.55,1,1.34,insect / bee,306,1
crib,cradle,N,8.55,4.86,4.93,4,0.55,1,1.15,crib / cradle,307,1
animal,person,N,3.05,4.61,4.72,3,0.54,1,1.38,animal / person,308,1
marijuana,herb,N,6.5,4.89,4.57,3,0.54,1,0.59,marijuana / herb,309,1
bed,hospital,N,0.92,5,4.64,4,0.54,1,1.35,bed / hospital,310,1
cheek,tongue,N,4.52,4.83,4.93,4,0.54,1,0.47,cheek / tongue,311,1
disc,computer,N,3.2,4.85,4.93,4,0.54,1,0.44,disc / computer,312,1
curve,angle,N,3.33,4.41,3.5,3,0.53,1,1.51,curve / angle,313,1
grass,moss,N,5,4.93,4.9,4,0.53,1,1.27,grass / moss,314,1
school,law,N,1.13,4.79,2.57,2,0.52,1,1.49,school / law,315,1
foot,head,N,2.3,4.9,4.75,4,0.52,1,0.62,foot / head,316,1
mother,guardian,N,6.5,4.6,3.28,3,0.51,1,1.13,mother / guardian,317,1
orthodontist,dentist,N,8.27,4.43,4.93,3,0.51,1,1.47,orthodontist / dentist,318,1
alcohol,whiskey,N,7.27,4.76,4.74,4,0.51,1,1.19,alcohol / whiskey,319,1
mouth,tooth,N,6.3,4.74,4.89,4,0.51,1,1.39,mouth / tooth,320,1
breakfast,bacon,N,4.37,4.43,4.9,3,0.5,1,1.46,breakfast / bacon,321,1
bathroom,bedroom,N,3.4,4.52,4.9,3,0.5,1,1.73,bathroom / bedroom,322,1
plate,bowl,N,5.23,4.77,4.87,4,0.5,1,1.46,plate / bowl,323,1
meat,bacon,N,5.8,4.9,4.9,4,0.5,1,1.5,meat / bacon,324,1
air,helium,N,3.63,4.11,3.96,3,0.49,1,1.59,air / helium,325,1
worker,employer,N,5.37,4.59,3.81,3,0.49,1,1.4,worker / employer,326,1
body,chest,N,4.45,4.79,4.93,4,0.49,1,1.45,body / chest,327,1
son,father,N,3.82,4.14,4.52,3,0.48,1,1.75,son / father,328,1
heart,surgery,N,1.08,4.52,4.34,3,0.48,1,1.07,heart / surgery,329,1
woman,secretary,N,1.98,4.46,4.54,3,0.48,1,1.6,woman / secretary,330,1
man,father,N,4.83,4.79,4.52,3,0.48,1,1.62,man / father,331,1
beach,island,N,5.6,4.79,4.96,4,0.48,1,0.39,beach / island,332,1
story,topic,N,5,3.3,2.59,2,0.47,1,1.7,story / topic,333,1
game,fun,N,3.42,4.5,1.97,2,0.47,1,2.07,game / fun,334,1
weekend,week,N,4,3.83,3.48,2,0.47,1,1.57,weekend / week,335,1
couple,pair,N,8.33,3.93,3.88,3,0.47,1,1.5,couple / pair,336,1
woman,wife,N,5.72,4.46,4.13,3,0.47,1,1.35,woman / wife,337,1
sheep,cattle,N,4.77,4.9,4.64,4,0.47,1,0.47,sheep / cattle,338,1
purse,bag,N,8.33,4.9,4.9,4,0.47,1,1.39,purse / bag,339,1
ceiling,cathedral,N,2.42,4.85,4.86,4,0.46,1,1.57,ceiling / cathedral,340,1
bean,coffee,N,5.15,5,4.81,4,0.46,1,1.52,bean / coffee,341,1
wood,paper,N,2.88,4.85,4.93,4,0.44,0,1.55,wood / paper,342,1
top,side,N,1.9,3.93,3.68,3,0.43,0,1.29,top / side,343,1
crime,fraud,N,5.65,3.03,1.68,1,0.42,0,1.18,crime / fraud,344,1
pain,harm,N,5.38,3.5,2.62,2,0.42,0,0.95,pain / harm,345,1
lover,companion,N,5.97,3.68,3.75,3,0.42,0,0.8,lover / companion,346,1
evening,dusk,N,7.78,3.26,4.24,3,0.42,0,1.32,evening / dusk,347,1
father,daughter,N,2.62,4.52,4.79,3,0.42,0,1.69,father / daughter,348,1
wine,liquor,N,7.85,4.79,4.73,4,0.42,0,0.78,wine / liquor,349,1
cow,goat,N,2.93,4.96,5,4,0.42,0,0.59,cow / goat,350,1
belief,opinion,N,7.7,1.19,1.93,1,0.41,0,1.24,belief / opinion,351,1
reality,illusion,N,1.42,1.72,2.48,1,0.41,0,1.36,reality / illusion,352,1
pact,agreement,N,9.02,2.52,2.22,1,0.41,0,1.2,pact / agreement,353,1
wealth,poverty,N,1.27,2.63,2.54,1,0.41,0,1.47,wealth / poverty,354,1
accident,emergency,N,4.93,3.26,2.41,2,0.41,0,0.49,accident / emergency,355,1
battle,conquest,N,7.22,4,2.54,2,0.41,0,0.89,battle / conquest,356,1
friend,teacher,N,2.62,3.07,4.52,3,0.41,0,1.29,friend / teacher,357,1
illness,infection,N,6.9,3.54,4.1,3,0.41,0,1.28,illness / infection,358,1
game,trick,N,2.32,4.5,3.36,3,0.41,0,1.02,game / trick,359,1
brother,son,N,3.48,4.43,4.14,3,0.41,0,1.61,brother / son,360,1
aunt,nephew,N,3.1,4.17,4.48,3,0.41,0,1.31,aunt / nephew,361,1
worker,mechanic,N,4.92,4.59,4.38,3,0.41,0,1.2,worker / mechanic,362,1
doctor,orthodontist,N,5.58,4.69,4.43,3,0.41,0,1.25,doctor / orthodontist,363,1
oak,maple,N,6.03,4.82,4.46,3,0.41,0,0.39,oak / maple,364,1
bee,queen,N,3.27,4.88,4.45,3,0.41,0,1.2,bee / queen,365,1
car,bicycle,N,3.47,4.89,4.89,4,0.41,0,1.68,car / bicycle,366,1
goal,quest,N,5.83,3.06,2.87,2,0.4,0,1.31,goal / quest,367,1
august,month,N,5.53,3.04,4.2,2,0.4,0,1.54,august / month,368,1
army,squad,N,5.08,4.7,3.65,3,0.4,0,1.61,army / squad,369,1
cloud,weather,N,4.87,4.54,3.83,3,0.4,0,0.94,cloud / weather,370,1
physician,doctor,N,8.88,4.65,4.69,3,0.4,0,1.5,physician / doctor,371,1
canyon,valley,N,6.75,4.81,4.72,4,0.4,0,1.39,canyon / valley,372,1
river,valley,N,1.67,4.89,4.72,4,0.4,0,1.23,river / valley,373,1
sun,sky,N,2.27,4.83,4.45,3,0.39,0,1.67,sun / sky,374,1
target,arrow,N,3.25,4.11,4.97,3,0.38,0,1.74,target / arrow,375,1
chocolate,pie,N,2.27,4.72,4.92,4,0.38,0,1.79,chocolate / pie,376,1
circumstance,situation,N,7.85,1.77,2.03,1,0.36,0,1.31,circumstance / situation,377,1
opinion,choice,N,5.43,1.93,1.9,1,0.36,0,1.5,opinion / choice,378,1
rhythm,melody,N,6.12,3.07,3.71,2,0.36,0,1.27,rhythm / melody,379,1
gut,nerve,N,4.93,4.15,3.89,3,0.36,0,1.65,gut / nerve,380,1
day,dawn,N,5.47,3.92,4.46,3,0.36,0,1.45,day / dawn,381,1
cattle,beef,N,7.03,4.64,4.74,3,0.36,0,1.53,cattle / beef,382,1
doctor,professor,N,4.65,4.69,4.86,4,0.36,0,1.19,doctor / professor,383,1
arm,vein,N,3.65,4.96,4.63,4,0.36,0,1.62,arm / vein,384,1
room,bath,N,3.33,4.79,4.85,4,0.36,0,0.49,room / bath,385,1
corporation,business,N,9.02,2.79,3.28,2,0.35,0,1.44,corporation / business,386,1
fun,football,N,1.97,1.97,4.73,2,0.35,0,1.43,fun / football,387,1
hill,cliff,N,4.28,4.93,4.71,4,0.35,0,1.26,hill / cliff,388,1
bone,ankle,N,3.82,4.9,4.81,4,0.35,0,0.69,bone / ankle,389,1
apple,candy,N,2.08,5,4.83,4,0.35,0,0.75,apple / candy,390,1
helper,maid,N,5.58,3.39,4.64,3,0.34,0,0.44,helper / maid,391,1
leader,manager,N,7.27,3.89,4.14,3,0.34,0,1.43,leader / manager,392,1
lemon,tea,N,1.6,5,4.69,4,0.34,0,1.33,lemon / tea,393,1
bee,ant,N,2.78,4.88,4.86,4,0.34,0,1.04,bee / ant,394,1
basketball,baseball,N,4.92,4.97,4.86,4,0.34,0,0.93,basketball / baseball,395,1
rice,bean,N,2.72,4.86,5,4,0.34,0,1.27,rice / bean,396,1
bed,furniture,N,6.08,5,4.89,4,0.34,0,0.84,bed / furniture,397,1
emotion,passion,N,7.72,2.44,2.3,1,0.33,0,1.3,emotion / passion,398,1
anarchy,chaos,N,7.93,2.12,2.79,1,0.33,0,1.35,anarchy / chaos,399,1
crime,violation,N,7.12,3.03,2.67,2,0.33,0,0.87,crime / violation,400,1
machine,engine,N,5.58,4.25,4.86,3,0.33,0,1.95,machine / engine,401,1
beach,sea,N,4.68,4.79,4.79,4,0.33,0,1.08,beach / sea,402,1
alley,bowl,N,1.53,4.82,4.87,4,0.33,0,0.51,alley / bowl,403,1
jar,bottle,N,7.83,5,4.91,4,0.33,0,1.44,jar / bottle,404,1
strength,capability,N,5.28,2.96,1.93,1,0.32,0,1.33,strength / capability,405,1
seed,mustard,N,3.48,4.71,4.93,4,0.32,0,0.59,seed / mustard,406,1
guitar,drum,N,3.78,4.9,4.96,4,0.32,0,1.72,guitar / drum,407,1
opinion,idea,N,5.7,1.93,1.61,1,0.31,0,1.29,opinion / idea,408,1
north,west,N,3.63,4.14,3.44,3,0.31,0,1.6,north / west,409,1
diet,salad,N,2.98,3.21,4.97,3,0.31,0,1.6,diet / salad,410,1
mother,wife,N,3.02,4.6,4.13,3,0.31,0,1.62,mother / wife,411,1
dad,mother,N,3.55,4.29,4.6,3,0.31,0,1.44,dad / mother,412,1
captain,sailor,N,5,4.19,4.86,3,0.31,0,1.43,captain / sailor,413,1
meter,yard,N,5.6,4.7,4.82,4,0.31,0,1.32,meter / yard,414,1
beer,champagne,N,4.45,4.88,4.82,4,0.31,0,1.2,beer / champagne,415,1
motor,boat,N,2.57,4.84,4.93,4,0.31,0,1.45,motor / boat,416,1
card,bridge,N,1.97,4.9,4.97,4,0.31,0,1.69,card / bridge,417,1
science,psychology,N,4.92,2.79,2.31,1,0.3,0,1.91,science / psychology,418,1
sinner,saint,N,1.6,3.07,3.45,2,0.3,0,1.39,sinner / saint,419,1
destruction,construction,N,0.98,3.21,3.72,2,0.3,0,1.69,destruction / construction,420,1
crowd,bunch,N,7.42,4.52,3.5,3,0.3,0,1.37,crowd / bunch,421,1
beach,reef,N,3.77,4.79,4.7,4,0.3,0,1.85,beach / reef,422,1
man,child,N,4.13,4.79,4.78,4,0.3,0,1.34,man / child,423,1
bread,cheese,N,1.95,4.92,4.7,4,0.3,0,1.52,bread / cheese,424,1
champion,winner,N,8.73,3.82,3.21,2,0.29,0,1.15,champion / winner,425,1
celebration,ceremony,N,7.72,3.47,3.57,2,0.29,0,0.61,celebration / ceremony,426,1
menu,order,N,3.62,4.67,2.79,3,0.29,0,1.42,menu / order,427,1
king,princess,N,3.27,4.1,4.72,3,0.29,0,1.7,king / princess,428,1
wealth,prestige,N,6.07,2.63,1.61,1,0.28,0,1.55,wealth / prestige,429,1
endurance,strength,N,6.58,2,2.96,1,0.28,0,0.59,endurance / strength,430,1
danger,threat,N,8.78,2.68,2.52,2,0.28,0,1.56,danger / threat,431,1
god,priest,N,4.5,2.07,4.77,2,0.28,0,1.2,god / priest,432,1
men,fraternity,N,3.13,4.75,2.46,2,0.28,0,1.11,men / fraternity,433,1
buddy,companion,N,8.65,3.48,3.75,2,0.28,0,1.64,buddy / companion,434,1
teacher,helper,N,4.28,4.52,3.39,3,0.28,0,1.65,teacher / helper,435,1
body,stomach,N,3.93,4.79,4.89,4,0.28,0,1.15,body / stomach,436,1
tongue,throat,N,3.1,4.93,4.97,4,0.28,0,1.31,tongue / throat,437,1
house,carpet,N,1.38,5,4.96,4,0.28,0,1.44,house / carpet,438,1
intelligence,skill,N,5.35,2.24,2.17,1,0.27,0,1.29,intelligence / skill,439,1
journey,conquest,N,4.72,2.57,2.54,1,0.27,0,1.12,journey / conquest,440,1
god,prey,N,1.23,2.07,3.61,2,0.27,0,1.73,god / prey,441,1
brother,soul,N,0.97,4.43,1.86,2,0.27,0,1.18,brother / soul,442,1
adversary,opponent,N,9.05,2.93,3.52,2,0.27,0,1.4,adversary / opponent,443,1
death,catastrophe,N,4.13,3.73,2.96,2,0.27,0,1.46,death / catastrophe,444,1
monster,demon,N,6.95,3.72,3.32,2,0.27,0,1.5,monster / demon,445,1
day,morning,N,4.87,3.92,3.44,2,0.27,0,1.95,day / morning,446,1
man,victor,N,1.9,4.79,2.88,3,0.27,0,1.67,man / victor,447,1
friend,guy,N,3.88,3.07,4.68,3,0.27,0,1.49,friend / guy,448,1
song,story,N,3.97,4.46,3.3,3,0.27,0,1.27,song / story,449,1
ray,sunshine,N,6.83,3.57,4.21,3,0.27,0,1.55,ray / sunshine,450,1
guy,stud,N,5.83,4.68,4,3,0.27,0,1.7,guy / stud,451,1
chicken,rice,N,1.43,4.8,4.86,4,0.27,0,1.47,chicken / rice,452,1
box,elevator,N,1.32,4.9,4.79,4,0.27,0,1.28,box / elevator,453,1
butter,potato,N,1.22,4.9,4.85,4,0.27,0,1.19,butter / potato,454,1
apartment,furniture,N,1.28,4.9,4.89,4,0.27,0,1.72,apartment / furniture,455,1
lake,swamp,N,4.92,4.88,4.96,4,0.27,0,1.6,lake / swamp,456,1
salad,vinegar,N,1.13,4.97,4.89,4,0.27,0,1.65,salad / vinegar,457,1
flower,bulb,N,4.48,5,4.93,4,0.27,0,1.27,flower / bulb,458,1
cloud,mist,N,6.67,4.54,4.51,3,0.26,0,1.43,cloud / mist,459,1
driver,pilot,N,6.28,4.71,4.67,3,0.26,0,1.52,driver / pilot,460,1
sugar,honey,N,5.13,4.87,4.88,4,0.26,0,1.07,sugar / honey,461,1
body,shoulder,N,2.88,4.79,4.93,4,0.25,0,1.47,body / shoulder,462,1
idea,image,N,3.55,1.61,3.85,2,0.24,0,1.47,idea / image,463,1
father,brother,N,4.2,4.52,4.43,3,0.24,0,1.28,father / brother,464,1
moon,planet,N,5.87,4.9,4.58,4,0.24,0,1.57,moon / planet,465,1
ball,costume,N,2.32,5,4.57,4,0.24,0,1.02,ball / costume,466,1
rail,fence,N,5.22,4.9,4.82,4,0.24,0,1.17,rail / fence,467,1
room,bed,N,2.35,4.79,5,4,0.24,0,1.31,room / bed,468,1
flower,bush,N,4.25,5,4.9,4,0.24,0,1.66,flower / bush,469,1
bone,knee,N,4.17,4.9,5,4,0.24,0,1.64,bone / knee,470,1
arm,knee,N,2.75,4.96,5,4,0.24,0,0.59,arm / knee,471,1
bottom,side,N,2.63,4.25,3.68,3,0.22,0,1.51,bottom / side,472,1
vessel,vein,N,5.15,4.66,4.63,3,0.22,0,1.55,vessel / vein,473,1
cat,rabbit,N,2.37,4.86,4.93,4,0.22,0,1.67,cat / rabbit,474,1
meat,sandwich,N,2.35,4.9,4.9,4,0.22,0,1.69,meat / sandwich,475,1
belief,concept,N,5.08,1.19,1.41,1,0.21,0,1.44,belief / concept,476,1
intelligence,insight,N,5.9,2.24,1.72,1,0.21,0,1.59,intelligence / insight,477,1
attention,interest,N,7.22,2.3,1.8,1,0.21,0,1.21,attention / interest,478,1
attitude,confidence,N,4.35,1.97,2.17,1,0.21,0,1.22,attitude / confidence,479,1
right,justice,N,7.05,3.47,1.45,1,0.21,0,1.52,right / justice,480,1
argument,agreement,N,1.45,2.85,2.22,1,0.21,0,1.36,argument / agreement,481,1
depth,magnitude,N,6.12,3.11,2.43,2,0.21,0,1.64,depth / magnitude,482,1
medium,news,N,3.65,3,3.41,2,0.21,0,1.3,medium / news,483,1
winner,candidate,N,2.78,3.21,3.81,2,0.21,0,1.29,winner / candidate,484,1
birthday,date,N,5.08,3.2,3.9,2,0.21,0,1.2,birthday / date,485,1
fee,payment,N,7.15,3.89,3.91,3,0.21,0,1.56,fee / payment,486,1
bible,hymn,N,5.15,4.61,4.04,3,0.21,0,1.08,bible / hymn,487,1
exit,doorway,N,5.5,3.93,4.75,3,0.21,0,1.73,exit / doorway,488,1
man,sentry,N,3.25,4.79,4.04,3,0.21,0,1.22,man / sentry,489,1
aisle,hall,N,6.35,4.35,4.67,3,0.21,0,0.96,aisle / hall,490,1
whiskey,gin,N,6.28,4.74,4.46,3,0.21,0,1.14,whiskey / gin,491,1
blood,marrow,N,3.4,4.86,4.48,3,0.21,0,1.17,blood / marrow,492,1
oil,mink,N,1.23,4.93,4.58,4,0.21,0,1.53,oil / mink,493,1
floor,deck,N,5.55,4.8,4.77,4,0.21,0,1.06,floor / deck,494,1
roof,floor,N,2.62,4.79,4.8,4,0.21,0,1.66,roof / floor,495,1
door,floor,N,1.67,4.81,4.8,4,0.21,0,0.39,door / floor,496,1
shoulder,head,N,3.42,4.93,4.75,4,0.21,0,1.14,shoulder / head,497,1
wagon,carriage,N,7.7,4.89,4.86,4,0.21,0,1.84,wagon / carriage,498,1
car,carriage,N,5.13,4.89,4.86,4,0.21,0,1.2,car / carriage,499,1
elbow,ankle,N,3.13,5,4.81,4,0.21,0,1.48,elbow / ankle,500,1
wealth,fame,N,4.02,2.63,1.96,1,0.2,0,1.1,wealth / fame,501,2
sorrow,shame,N,4.77,2.36,2.24,1,0.2,0,1.52,sorrow / shame,502,2
administration,management,N,7.25,2.78,2.72,2,0.2,0,1.67,administration / management,503,2
communication,conversation,N,8.02,2.9,3.28,2,0.2,0,0.88,communication / conversation,504,2
pollution,atmosphere,N,4.25,3.75,3.04,2,0.2,0,0.98,pollution / atmosphere,505,2
anatomy,biology,N,5.33,3.59,3.48,2,0.2,0,1.37,anatomy / biology,506,2
college,profession,N,3.12,4.62,2.83,3,0.2,0,1.41,college / profession,507,2
book,topic,N,2.07,4.9,2.59,3,0.2,0,1.22,book / topic,508,2
formula,equation,N,7.95,4.11,3.65,3,0.2,0,0.56,formula / equation,509,2
book,information,N,5,4.9,2.87,3,0.2,0,1.13,book / information,510,2
boy,partner,N,1.9,4.76,3.53,3,0.2,0,1.54,boy / partner,511,2
sky,universe,N,4.68,4.45,3.85,3,0.2,0,1.39,sky / universe,512,2
population,people,N,7.68,3.64,4.82,3,0.2,0,0.8,population / people,513,2
college,class,N,4.13,4.62,3.85,3,0.2,0,1.16,college / class,514,2
chief,mayor,N,4.85,4.26,4.37,3,0.2,0,1.25,chief / mayor,515,2
rabbi,minister,N,7.62,4.64,4.22,3,0.2,0,1.35,rabbi / minister,516,2
meter,inch,N,5.08,4.7,4.37,3,0.2,0,1.19,meter / inch,517,2
polyester,cotton,N,5.63,4.12,4.97,3,0.2,0,1.53,polyester / cotton,518,2
lawyer,banker,N,1.88,4.7,4.43,3,0.2,0,1.18,lawyer / banker,519,2
violin,instrument,N,6.58,4.96,4.27,3,0.2,0,1.39,violin / instrument,520,2
camp,cabin,N,4.2,4.35,4.92,3,0.2,0,1.2,camp / cabin,521,2
pot,appliance,N,2.53,4.81,4.57,3,0.2,0,1.26,pot / appliance,522,2
linen,fabric,N,7.47,4.8,4.63,3,0.2,0,1.26,linen / fabric,523,2
whiskey,champagne,N,5.33,4.74,4.82,4,0.2,0,1.29,whiskey / champagne,524,2
girl,child,N,5.38,4.85,4.78,4,0.2,0,1.21,girl / child,525,2
cottage,cabin,N,7.72,4.85,4.92,4,0.2,0,1.47,cottage / cabin,526,2
bird,hen,N,7.03,5,4.9,4,0.2,0,1.43,bird / hen,527,2
racket,noise,N,8.1,4.26,3.52,3,0.19,0,1.49,racket / noise,528,2
sunset,evening,N,5.98,4.54,3.26,3,0.19,0,1.35,sunset / evening,529,2
drizzle,rain,N,9.17,4.21,4.97,3,0.19,0,0.39,drizzle / rain,530,2
adult,baby,N,2.22,4.4,5,3,0.19,0,0.39,adult / baby,531,2
charcoal,coal,N,7.63,4.85,4.66,4,0.19,0,1.43,charcoal / coal,532,2
body,spine,N,4.78,4.79,4.88,4,0.19,0,1.22,body / spine,533,2
head,nail,N,2.47,4.75,4.93,4,0.19,0,1.4,head / nail,534,2
log,timber,N,8.05,4.96,4.9,4,0.19,0,1.12,log / timber,535,2
spoon,cup,N,2.02,4.96,5,4,0.19,0,0.9,spoon / cup,536,2
body,nerve,N,3.13,4.79,3.89,3,0.18,0,1.12,body / nerve,537,2
man,husband,N,5.32,4.79,4.11,3,0.18,0,1.71,man / husband,538,2
bone,neck,N,2.53,4.9,5,4,0.18,0,1.05,bone / neck,539,2
frustration,anger,N,6.5,2.06,2.41,1,0.17,0,0.39,frustration / anger,540,2
river,sea,N,5.72,4.89,4.79,4,0.17,0,0.39,river / sea,541,2
task,job,N,8.87,2.84,3.19,2,0.16,0,1.75,task / job,542,2
club,society,N,5.23,3.78,2.54,2,0.16,0,1.59,club / society,543,2
reflection,image,N,7.27,3.29,3.85,2,0.16,0,1.06,reflection / image,544,2
prince,king,N,5.92,4.44,4.1,3,0.16,0,1.05,prince / king,545,2
snow,weather,N,5.48,4.85,3.83,3,0.16,0,1.36,snow / weather,546,2
people,party,N,2.2,4.82,3.89,3,0.16,0,1.42,people / party,547,2
boy,brother,N,6.67,4.76,4.43,3,0.16,0,1.58,boy / brother,548,2
root,grass,N,3.55,4.34,4.93,3,0.16,0,1.35,root / grass,549,2
brow,eye,N,3.82,4.39,4.9,3,0.16,0,1.41,brow / eye,550,2
money,pearl,N,2.1,4.54,4.87,3,0.16,0,1.94,money / pearl,551,2
money,diamond,N,3.42,4.54,4.89,3,0.16,0,1.37,money / diamond,552,2
vehicle,bus,N,6.47,4.64,4.9,4,0.16,0,1.38,vehicle / bus,553,2
cab,bus,N,5.6,4.88,4.9,4,0.16,0,1.64,cab / bus,554,2
house,barn,N,4.33,5,4.79,4,0.16,0,1.6,house / barn,555,2
finger,palm,N,3.33,5,4.83,4,0.16,0,1.5,finger / palm,556,2
car,bridge,N,0.95,4.89,4.97,4,0.16,0,1.2,car / bridge,557,2
effort,difficulty,N,4.45,2.33,1.9,1,0.15,0,1.22,effort / difficulty,558,2
fact,insight,N,4.77,2.72,1.72,1,0.15,0,1.11,fact / insight,559,2
job,management,N,3.97,3.19,2.72,2,0.15,0,1.33,job / management,560,2
cancer,sickness,N,7.93,3.86,3.45,2,0.15,0,1.57,cancer / sickness,561,2
word,newspaper,N,2.47,3.56,4.82,3,0.15,0,0.94,word / newspaper,562,2
composer,writer,N,6.58,4.37,4.32,3,0.15,0,0.8,composer / writer,563,2
actor,singer,N,4.52,4.57,4.62,3,0.15,0,1.26,actor / singer,564,2
shelter,hut,N,6.47,4.64,4.65,3,0.15,0,1.59,shelter / hut,565,2
bathroom,kitchen,N,3.1,4.52,4.97,4,0.15,0,1.22,bathroom / kitchen,566,2
cabin,hut,N,6.53,4.92,4.65,4,0.15,0,1.37,cabin / hut,567,2
door,kitchen,N,1.67,4.81,4.97,4,0.15,0,0.44,door / kitchen,568,2
value,belief,N,7.07,1.62,1.19,1,0.14,0,0.95,value / belief,569,2
wisdom,intelligence,N,7.47,1.53,2.24,1,0.14,0,1.33,wisdom / intelligence,570,2
ignorance,intelligence,N,1.5,1.6,2.24,1,0.14,0,1.3,ignorance / intelligence,571,2
happiness,luck,N,2.38,2.6,1.33,1,0.14,0,1.2,happiness / luck,572,2
idea,scheme,N,6.75,1.61,2.41,1,0.14,0,1.47,idea / scheme,573,2
mood,emotion,N,8.12,1.75,2.44,1,0.14,0,1.64,mood / emotion,574,2
happiness,peace,N,6.03,2.6,1.62,1,0.14,0,1.35,happiness / peace,575,2
despair,misery,N,7.22,2.21,2.04,1,0.14,0,1.06,despair / misery,576,2
logic,arithmetic,N,3.97,1.72,2.74,1,0.14,0,1.81,logic / arithmetic,577,2
denial,confession,N,1.03,2.46,2.4,1,0.14,0,1.64,denial / confession,578,2
argument,criticism,N,5.08,2.85,2.07,1,0.14,0,1.07,argument / criticism,579,2
aggression,hostility,N,8.48,2.68,2.24,1,0.14,0,0.44,aggression / hostility,580,2
hysteria,confusion,N,6.33,2.86,2.24,1,0.14,0,0.44,hysteria / confusion,581,2
chemistry,theory,N,3.17,3.64,1.47,1,0.14,0,1.4,chemistry / theory,582,2
trial,verdict,N,3.33,3.07,2.19,2,0.14,0,1.18,trial / verdict,583,2
comfort,safety,N,5.8,2.89,2.37,2,0.14,0,1.21,comfort / safety,584,2
confidence,self,N,3.12,2.17,3.1,2,0.14,0,1.24,confidence / self,585,2
vision,perception,N,6.88,3.39,2,2,0.14,0,1.31,vision / perception,586,2
era,decade,N,5.4,2.24,3.19,2,0.14,0,1.02,era / decade,587,2
biography,fiction,N,1.38,3.39,2.14,2,0.14,0,1.24,biography / fiction,588,2
discussion,argument,N,5.48,3.07,2.85,2,0.14,0,1.43,discussion / argument,589,2
code,symbol,N,6.03,3,3.11,2,0.14,0,1.67,code / symbol,590,2
danger,disease,N,3,2.68,3.45,2,0.14,0,0.44,danger / disease,591,2
accident,catastrophe,N,5.9,3.26,2.96,2,0.14,0,1.63,accident / catastrophe,592,2
journey,trip,N,8.88,2.57,3.71,2,0.14,0,1.14,journey / trip,593,2
activity,movement,N,7.15,2.72,3.63,2,0.14,0,1.1,activity / movement,594,2
gossip,news,N,5.22,3,3.41,2,0.14,0,1.21,gossip / news,595,2
father,god,N,3.57,4.52,2.07,2,0.14,0,1.31,father / god,596,2
action,course,N,5.45,2.86,3.82,2,0.14,0,1.75,action / course,597,2
fever,illness,N,7.65,3.27,3.54,2,0.14,0,1.54,fever / illness,598,2
aviation,flight,N,8.18,3.39,3.9,2,0.14,0,1.83,aviation / flight,599,2
game,action,N,4.85,4.5,2.86,2,0.14,0,1.12,game / action,600,2
molecule,air,N,3.05,3.27,4.11,2,0.14,0,1.84,molecule / air,601,2
home,state,N,2.58,4.11,3.52,3,0.14,0,1.6,home / state,602,2
word,literature,N,4.77,3.56,4.1,3,0.14,0,0.59,word / literature,603,2
adult,guardian,N,6.9,4.4,3.28,3,0.14,0,1.19,adult / guardian,604,2
newspaper,information,N,5.65,4.82,2.87,3,0.14,0,1.31,newspaper / information,605,2
communication,television,N,5.6,2.9,4.83,3,0.14,0,1.27,communication / television,606,2
cousin,uncle,N,4.63,3.7,4.24,3,0.14,0,1.84,cousin / uncle,607,2
author,reader,N,1.6,4.26,3.89,3,0.14,0,1.47,author / reader,608,2
guy,partner,N,3.57,4.68,3.53,3,0.14,0,1.24,guy / partner,609,2
area,corner,N,2.07,3.72,4.61,3,0.14,0,1.41,area / corner,610,2
ballad,song,N,7.53,3.88,4.46,3,0.14,0,0.84,ballad / song,611,2
wall,decoration,N,2.62,4.86,3.53,3,0.14,0,0.89,wall / decoration,612,2
word,page,N,2.92,3.56,4.9,3,0.14,0,0.99,word / page,613,2
nurse,scientist,N,2.08,4.39,4.24,3,0.14,0,1.06,nurse / scientist,614,2
politician,president,N,7.38,4.33,4.4,3,0.14,0,1.05,politician / president,615,2
president,mayor,N,5.68,4.4,4.37,3,0.14,0,1.4,president / mayor,616,2
book,essay,N,4.72,4.9,3.97,3,0.14,0,1.3,book / essay,617,2
man,warrior,N,4.72,4.79,4.17,3,0.14,0,1.03,man / warrior,618,2
article,journal,N,6.18,4.33,4.63,3,0.14,0,1.45,article / journal,619,2
breakfast,supper,N,4.4,4.43,4.63,3,0.14,0,1.47,breakfast / supper,620,2
crowd,parade,N,3.93,4.52,4.54,3,0.14,0,1.05,crowd / parade,621,2
aisle,hallway,N,6.75,4.35,4.74,3,0.14,0,1.36,aisle / hallway,622,2
teacher,rabbi,N,4.37,4.52,4.64,3,0.14,0,1.12,teacher / rabbi,623,2
hip,lip,N,1.43,4.21,4.96,3,0.14,0,1.45,hip / lip,624,2
book,article,N,5.43,4.9,4.33,3,0.14,0,0.95,book / article,625,2
room,cell,N,4.58,4.79,4.44,3,0.14,0,1.28,room / cell,626,2
box,booth,N,3.8,4.9,4.42,3,0.14,0,1.38,box / booth,627,2
daughter,kid,N,4.17,4.79,4.56,3,0.14,0,1.24,daughter / kid,628,2
limb,leg,N,6.9,4.64,4.83,4,0.14,0,1.23,limb / leg,629,2
liver,lung,N,2.7,4.68,4.82,4,0.14,0,1.38,liver / lung,630,2
classroom,hallway,N,2,4.76,4.74,4,0.14,0,1.23,classroom / hallway,631,2
mountain,ledge,N,3.73,4.96,4.72,4,0.14,0,1.21,mountain / ledge,632,2
car,elevator,N,1.03,4.89,4.79,4,0.14,0,1.19,car / elevator,633,2
bed,couch,N,3.42,5,4.71,4,0.14,0,1.85,bed / couch,634,2
clothes,button,N,2.3,4.76,4.96,4,0.14,0,1.44,clothes / button,635,2
clothes,coat,N,5.35,4.76,4.97,4,0.14,0,1.37,clothes / coat,636,2
kidney,organ,N,6.17,4.96,4.77,4,0.14,0,0.95,kidney / organ,637,2
apple,sauce,N,1.43,5,4.75,4,0.14,0,2.11,apple / sauce,638,2
chicken,steak,N,3.73,4.8,4.96,4,0.14,0,1.39,chicken / steak,639,2
car,hose,N,0.87,4.89,4.87,4,0.14,0,0.78,car / hose,640,2
tobacco,cigarette,N,7.5,4.88,4.88,4,0.14,0,1.49,tobacco / cigarette,641,2
student,professor,N,1.95,4.92,4.86,4,0.14,0,1.13,student / professor,642,2
baby,daughter,N,5,5,4.79,4,0.14,0,1.29,baby / daughter,643,2
pipe,cigar,N,6.03,4.88,4.93,4,0.14,0,1.01,pipe / cigar,644,2
milk,juice,N,4.05,4.92,4.89,4,0.14,0,1.46,milk / juice,645,2
box,cigar,N,1.25,4.9,4.93,4,0.14,0,1.89,box / cigar,646,2
apartment,hotel,N,3.33,4.9,4.93,4,0.14,0,1.18,apartment / hotel,647,2
cup,cone,N,3.17,5,4.86,4,0.14,0,1.13,cup / cone,648,2
horse,ox,N,3.02,5,4.86,4,0.14,0,1.18,horse / ox,649,2
throat,nose,N,2.8,4.97,4.89,4,0.14,0,1.12,throat / nose,650,2
bone,teeth,N,4.17,4.9,4.96,4,0.14,0,1.92,bone / teeth,651,2
bone,elbow,N,3.78,4.9,5,4,0.14,0,1.58,bone / elbow,652,2
bacon,bean,N,1.22,4.9,5,4,0.14,0,0.92,bacon / bean,653,2
cup,jar,N,5.13,5,5,4,0.14,0,1.17,cup / jar,654,2
proof,fact,N,7.3,2.67,2.72,2,0.13,0,1.7,proof / fact,655,2
appointment,engagement,N,6.75,3,2.75,2,0.13,0,1.59,appointment / engagement,656,2
birthday,year,N,1.67,3.2,3.25,2,0.13,0,1.69,birthday / year,657,2
word,clue,N,2.53,3.56,2.93,2,0.13,0,1.65,word / clue,658,2
author,creator,N,8.02,4.26,3.07,2,0.13,0,1.5,author / creator,659,2
atom,carbon,N,3.1,3.34,4.22,3,0.13,0,0.93,atom / carbon,660,2
archbishop,bishop,N,7.05,4.14,4.21,3,0.13,0,1.59,archbishop / bishop,661,2
letter,paragraph,N,4,4.7,3.96,3,0.13,0,1.12,letter / paragraph,662,2
page,paragraph,N,3.03,4.9,3.96,3,0.13,0,1.37,page / paragraph,663,2
steeple,chapel,N,7.08,4.74,4.6,3,0.13,0,1.03,steeple / chapel,664,2
muscle,bone,N,3.65,4.5,4.9,3,0.13,0,1.68,muscle / bone,665,2
muscle,tongue,N,5,4.5,4.93,3,0.13,0,1.65,muscle / tongue,666,2
boy,soldier,N,2.15,4.76,4.72,4,0.13,0,1.51,boy / soldier,667,2
belly,abdomen,N,8.13,4.8,4.7,4,0.13,0,1.53,belly / abdomen,668,2
guy,girl,N,3.33,4.68,4.85,4,0.13,0,1.9,guy / girl,669,2
bed,chair,N,3.5,5,4.58,4,0.13,0,1.26,bed / chair,670,2
clothes,jacket,N,5.15,4.76,4.86,4,0.13,0,0.74,clothes / jacket,671,2
gun,knife,N,3.65,4.83,4.9,4,0.13,0,1.03,gun / knife,672,2
tin,metal,N,5.63,4.87,4.87,4,0.13,0,1.15,tin / metal,673,2
bottle,container,N,7.93,4.91,4.85,4,0.13,0,1.38,bottle / container,674,2
hen,turkey,N,6.13,4.9,4.89,4,0.13,0,1.6,hen / turkey,675,2
meat,bread,N,1.67,4.9,4.92,4,0.13,0,1.62,meat / bread,676,2
arm,bone,N,3.83,4.96,4.9,4,0.13,0,1.94,arm / bone,677,2
neck,spine,N,5.32,5,4.88,4,0.13,0,1.16,neck / spine,678,2
apple,lemon,N,4.05,5,5,4,0.13,0,1.58,apple / lemon,679,2
agony,grief,N,7.63,2.38,2.7,1,0.12,0,1.94,agony / grief,680,2
assignment,task,N,8.7,3.86,2.84,2,0.12,0,1.37,assignment / task,681,2
night,dawn,N,2.95,4.52,4.46,3,0.12,0,1.53,night / dawn,682,2
dinner,soup,N,3.72,4.5,4.72,3,0.12,0,1.89,dinner / soup,683,2
calf,bull,N,4.93,4.48,4.85,3,0.12,0,1.67,calf / bull,684,2
snow,storm,N,4.8,4.85,4.7,4,0.12,0,0.88,snow / storm,685,2
nail,hand,N,3.42,4.93,4.72,4,0.12,0,1.14,nail / hand,686,2
dog,horse,N,2.38,4.85,5,4,0.12,0,1.39,dog / horse,687,2
arm,neck,N,1.58,4.96,5,4,0.12,0,0.72,arm / neck,688,2
ball,glove,N,1.75,5,4.97,4,0.12,0,1.27,ball / glove,689,2
flu,fever,N,6.08,3.65,3.27,2,0.11,0,1.58,flu / fever,690,2
fee,salary,N,3.72,3.89,3.69,3,0.11,0,1.26,fee / salary,691,2
nerve,brain,N,3.88,3.89,4.69,3,0.11,0,1.74,nerve / brain,692,2
beast,animal,N,7.83,4.63,4.61,3,0.11,0,1.64,beast / animal,693,2
dinner,chicken,N,2.85,4.5,4.8,3,0.11,0,1.5,dinner / chicken,694,2
girl,maid,N,2.93,4.85,4.64,4,0.11,0,0.9,girl / maid,695,2
child,boy,N,5.75,4.78,4.76,4,0.11,0,1.82,child / boy,696,2
alcohol,wine,N,7.42,4.76,4.79,4,0.11,0,1.53,alcohol / wine,697,2
nose,mouth,N,3.73,4.89,4.74,4,0.11,0,1.5,nose / mouth,698,2
street,car,N,2.38,4.75,4.89,4,0.11,0,1.16,street / car,699,2
bell,door,N,2.2,4.96,4.81,4,0.11,0,1.46,bell / door,700,2
box,hat,N,1.3,4.9,4.88,4,0.11,0,1.15,box / hat,701,2
belief,impression,N,5.95,1.19,2.23,1,0.1,0,0.72,belief / impression,702,2
bias,opinion,N,5.6,1.68,1.93,1,0.1,0,1.16,bias / opinion,703,2
attention,awareness,N,8.73,2.3,1.84,1,0.1,0,1.64,attention / awareness,704,2
anger,mood,N,4.1,2.41,1.75,1,0.1,0,1.87,anger / mood,705,2
elegance,style,N,5.72,2.18,2.67,1,0.1,0,1.76,elegance / style,706,2
beauty,age,N,1.58,2.93,2.86,2,0.1,0,1.54,beauty / age,707,2
book,theme,N,2.58,4.9,2.72,3,0.1,0,0.81,book / theme,708,2
friend,mother,N,2.53,3.07,4.6,3,0.1,0,1.54,friend / mother,709,2
vitamin,iron,N,5.55,4.48,4.59,3,0.1,0,1.14,vitamin / iron,710,2
car,factory,N,2.75,4.89,4.76,4,0.1,0,1.43,car / factory,711,2
pact,condition,N,2.45,2.52,2.15,1,0,0,1.59,pact / condition,712,2
chapter,choice,N,0.48,3.43,1.9,2,0,0,0.86,chapter / choice,713,2
arithmetic,rhythm,N,2.35,2.74,3.07,2,0,0,2.08,arithmetic / rhythm,714,2
winner,presence,N,1.08,3.21,2.72,2,0,0,1.12,winner / presence,715,2
belief,flower,N,0.4,1.19,5,2,0,0,1.19,belief / flower,716,2
winner,goal,N,3.23,3.21,3.06,2,0,0,1.67,winner / goal,717,2
trick,size,N,0.48,3.36,3.13,2,0,0,0.59,trick / size,718,2
choice,vein,N,0.98,1.9,4.63,2,0,0,1.11,choice / vein,719,2
hymn,conquest,N,0.68,4.04,2.54,2,0,0,0.88,hymn / conquest,720,2
endurance,band,N,0.4,2,4.68,2,0,0,0.44,endurance / band,721,2
jail,choice,N,1.08,4.83,1.9,2,0,0,1.08,jail / choice,722,2
condition,boy,N,0.48,2.15,4.76,2,0,0,0.8,condition / boy,723,2
flower,endurance,N,0.4,5,2,2,0,0,1.7,flower / endurance,724,2
hole,agreement,N,0.3,4.81,2.22,2,0,0,1.72,hole / agreement,725,2
doctor,temper,N,0.48,4.69,2.56,2,0,0,1.44,doctor / temper,726,2
fraternity,door,N,0.68,2.46,4.81,2,0,0,0.94,fraternity / door,727,2
task,woman,N,0.68,2.84,4.46,2,0,0,0.34,task / woman,728,2
fraternity,baseball,N,0.88,2.46,4.86,2,0,0,0.98,fraternity / baseball,729,2
cent,size,N,0.4,4.19,3.13,2,0,0,1.24,cent / size,730,2
presence,door,N,0.48,2.72,4.81,3,0,0,0.83,presence / door,731,2
mouse,management,N,0.48,4.83,2.72,3,0,0,1.59,mouse / management,732,2
task,highway,N,0.48,2.84,4.72,3,0,0,1.34,task / highway,733,2
liquor,century,N,0.4,4.73,2.83,3,0,0,1.31,liquor / century,734,2
task,straw,N,0.68,2.84,4.77,3,0,0,1.53,task / straw,735,2
island,task,N,0.3,4.96,2.84,3,0,0,0.96,island / task,736,2
night,chapter,N,0.48,4.52,3.43,3,0,0,0.92,night / chapter,737,2
pollution,president,N,0.68,3.75,4.4,3,0,0,1.6,pollution / president,738,2
gun,trick,N,0.48,4.83,3.36,3,0,0,1.41,gun / trick,739,2
bath,trick,N,0.58,4.85,3.36,3,0,0,1.28,bath / trick,740,2
diet,apple,N,1.18,3.21,5,3,0,0,1.56,diet / apple,741,2
cent,wife,N,0.58,4.19,4.13,3,0,0,1.7,cent / wife,742,2
chapter,tail,N,0.3,3.43,4.96,3,0,0,1.57,chapter / tail,743,2
course,stomach,N,0.58,3.82,4.89,3,0,0,0.87,course / stomach,744,2
hymn,straw,N,0.4,4.04,4.77,3,0,0,1.64,hymn / straw,745,2
dentist,colonel,N,0.4,4.93,3.89,3,0,0,1.7,dentist / colonel,746,2
wife,straw,N,0.4,4.13,4.77,3,0,0,1.53,wife / straw,747,2
hole,wife,N,0.68,4.81,4.13,3,0,0,1.18,hole / wife,748,2
pupil,president,N,0.78,4.55,4.4,3,0,0,1.28,pupil / president,749,2
bath,wife,N,0.48,4.85,4.13,3,0,0,1.42,bath / wife,750,2
people,cent,N,0.48,4.82,4.19,3,0,0,1.61,people / cent,751,2
formula,log,N,1.77,4.11,4.96,3,0,0,1.51,formula / log,752,2
woman,fur,N,0.58,4.46,4.69,3,0,0,0.99,woman / fur,753,2
apple,sunshine,N,0.58,5,4.21,3,0,0,1.2,apple / sunshine,754,2
gun,dawn,N,1.18,4.83,4.46,3,0,0,1.57,gun / dawn,755,2
meal,waist,N,0.98,4.62,4.72,3,0,0,1.58,meal / waist,756,2
camera,president,N,0.48,5,4.4,3,0,0,1.56,camera / president,757,2
liquor,band,N,0.68,4.73,4.68,3,0,0,0.91,liquor / band,758,2
stomach,vein,N,2.35,4.89,4.63,4,0,0,1.2,stomach / vein,759,2
gun,fur,N,0.3,4.83,4.69,4,0,0,1.8,gun / fur,760,2
couch,baseball,N,0.88,4.71,4.86,4,0,0,1.32,couch / baseball,761,2
worker,camera,N,0.68,4.59,5,4,0,0,1.21,worker / camera,762,2
deck,mouse,N,0.48,4.77,4.83,4,0,0,1.48,deck / mouse,763,2
rice,boy,N,0.4,4.86,4.76,4,0,0,1.72,rice / boy,764,2
people,gun,N,0.68,4.82,4.83,4,0,0,1.47,people / gun,765,2
cliff,tail,N,0.3,4.71,4.96,4,0,0,1.57,cliff / tail,766,2
ankle,window,N,0.3,4.81,4.86,4,0,0,1.8,ankle / window,767,2
princess,island,N,0.3,4.72,4.96,4,0,0,1.36,princess / island,768,2
container,mouse,N,0.3,4.85,4.83,4,0,0,0.95,container / mouse,769,2
wagon,container,N,2.65,4.89,4.85,4,0,0,0.85,wagon / container,770,2
people,balloon,N,0.48,4.82,4.92,4,0,0,1.96,people / balloon,771,2
dollar,people,N,0.4,4.93,4.82,4,0,0,1.42,dollar / people,772,2
bath,balloon,N,0.4,4.85,4.92,4,0,0,1.41,bath / balloon,773,2
stomach,bedroom,N,0.4,4.89,4.9,4,0,0,0.97,stomach / bedroom,774,2
bicycle,bedroom,N,0.4,4.89,4.9,4,0,0,1.47,bicycle / bedroom,775,2
log,bath,N,0.4,4.96,4.85,4,0,0,1.63,log / bath,776,2
bowl,tail,N,0.48,4.87,4.96,4,0,0,1,bowl / tail,777,2
go,come,V,2.42,3.15,2.72,2,5.75,1,1.51,go / come,778,2
take,steal,V,6.18,3.06,3.84,2,3.28,1,1.69,take / steal,779,2
listen,hear,V,8.17,3.47,3.66,2,3.22,1,1.72,listen / hear,780,2
think,rationalize,V,8.25,2.41,1.52,1,3.17,1,1.13,think / rationalize,781,2
occur,happen,V,9.32,1.84,1.78,1,2.87,1,1.34,occur / happen,782,2
vanish,disappear,V,9.8,2.77,2.86,2,2.76,1,0.46,vanish / disappear,783,2
multiply,divide,V,1.75,2.79,2.86,2,2.53,1,1.32,multiply / divide,784,2
plead,beg,V,9.08,2.59,2.96,2,2.5,1,1.26,plead / beg,785,2
begin,originate,V,8.2,2.56,2.23,1,2.44,1,0.75,begin / originate,786,2
protect,defend,V,9.13,2.86,2.31,1,2.28,1,1.29,protect / defend,787,2
kill,destroy,V,5.9,3.9,3.08,2,2,1,1.93,kill / destroy,788,2
create,make,V,8.72,2.62,2.67,2,1.72,1,1.14,create / make,789,2
accept,reject,V,0.83,3.03,2.4,2,1.69,1,1.28,accept / reject,790,2
ignore,avoid,V,6.87,2.22,2.41,1,1.56,1,1.22,ignore / avoid,791,2
carry,bring,V,5.8,4.04,2.55,2,1.37,1,1.24,carry / bring,792,2
leave,enter,V,0.95,2.53,3.12,2,1.3,1,1.91,leave / enter,793,2
choose,elect,V,7.62,2.62,2.41,1,1.28,1,1.14,choose / elect,794,2
lose,fail,V,7.33,2.25,3,2,1.28,1,1.79,lose / fail,795,2
encourage,discourage,V,1.58,2.61,1.9,1,1.23,1,1.55,encourage / discourage,796,2
achieve,accomplish,V,8.57,2.29,2.33,1,1.22,1,0.94,achieve / accomplish,797,2
make,construct,V,8.33,2.67,2.6,2,1.2,1,0.85,make / construct,798,2
listen,obey,V,4.93,3.47,2.67,2,1.19,1,1.33,listen / obey,799,2
inform,notify,V,9.25,2.25,3.04,2,1.15,1,0.44,inform / notify,800,2
receive,give,V,1.47,2.69,2.83,2,1.11,1,1.19,receive / give,801,2
borrow,beg,V,2.62,3.1,2.96,2,1,1,1.89,borrow / beg,802,2
take,obtain,V,7.1,3.06,3,2,0.9,1,1.01,take / obtain,803,2
advise,recommend,V,8.1,2.03,1.74,1,0.89,1,1.6,advise / recommend,804,2
imitate,portray,V,6.75,2.66,2.18,1,0.89,1,1.13,imitate / portray,805,2
win,succeed,V,7.9,2.67,2.33,1,0.89,1,1.83,win / succeed,806,2
think,decide,V,5.13,2.41,1.92,1,0.88,1,1.4,think / decide,807,2
greet,meet,V,6.17,2.96,3,2,0.83,1,1.73,greet / meet,808,2
agree,argue,V,0.77,2.31,2.75,1,0.81,1,1.68,agree / argue,809,2
enjoy,entertain,V,5.92,2.29,2.55,1,0.79,1,1.27,enjoy / entertain,810,2
destroy,make,V,1.6,3.08,2.67,2,0.78,1,1.72,destroy / make,811,2
save,protect,V,6.58,2.42,2.86,2,0.74,1,0.44,save / protect,812,2
give,lend,V,7.22,2.83,3.07,2,0.72,1,0.93,give / lend,813,2
understand,know,V,7.47,2.28,1.68,1,0.71,1,1.26,understand / know,814,2
take,receive,V,5.08,3.06,2.69,2,0.7,1,0.48,take / receive,815,2
accept,acknowledge,V,6.88,3.03,2.03,1,0.69,1,1.63,accept / acknowledge,816,2
decide,choose,V,8.87,1.92,2.62,1,0.67,1,1.26,decide / choose,817,2
accept,believe,V,6.75,3.03,1.55,1,0.67,1,1.61,accept / believe,818,2
keep,possess,V,8.27,2.37,2.6,1,0.62,1,0.8,keep / possess,819,2
roam,wander,V,8.83,2.85,2.28,1,0.61,1,0.89,roam / wander,820,2
succeed,fail,V,0.83,2.33,3,2,0.61,1,1.44,succeed / fail,821,2
spend,save,V,0.55,2.93,2.42,2,0.61,1,1.06,spend / save,822,2
leave,go,V,7.63,2.53,3.15,2,0.61,1,1.49,leave / go,823,2
come,attend,V,8.1,2.72,3.17,2,0.61,1,1.6,come / attend,824,2
know,believe,V,5.5,1.68,1.55,1,0.6,1,1.18,know / believe,825,2
gather,meet,V,7.3,2.75,3,2,0.55,1,0.59,gather / meet,826,2
make,earn,V,7.62,2.67,2.39,1,0.54,1,1.92,make / earn,827,2
forget,ignore,V,3.07,2.04,2.22,1,0.5,1,1.25,forget / ignore,828,2
multiply,add,V,2.7,2.79,3,2,0.5,1,1.8,multiply / add,829,2
shrink,grow,V,0.23,3.55,3.03,2,0.5,1,1.2,shrink / grow,830,2
arrive,leave,V,1.33,3.22,2.53,2,0.49,1,1.48,arrive / leave,831,2
succeed,try,V,3.98,2.33,2.22,1,0.48,1,1.35,succeed / try,832,2
accept,deny,V,1.75,3.03,2.2,2,0.48,1,1.41,accept / deny,833,2
arrive,come,V,7.05,3.22,2.72,2,0.48,1,1.56,arrive / come,834,2
agree,differ,V,1.05,2.31,1.59,1,0.42,0,1.53,agree / differ,835,2
send,receive,V,1.08,2.7,2.69,2,0.42,0,1.53,send / receive,836,2
win,dominate,V,5.68,2.67,2.12,1,0.41,0,1.74,win / dominate,837,2
add,divide,V,2.3,3,2.86,2,0.41,0,1.25,add / divide,838,2
kill,choke,V,4.92,3.9,3.97,3,0.41,0,1.48,kill / choke,839,2
acquire,get,V,8.82,2.93,2.38,2,0.39,0,0.94,acquire / get,840,2
participate,join,V,7.7,2.59,2.86,2,0.39,0,1.69,participate / join,841,2
leave,remain,V,2.53,2.53,1.96,1,0.34,0,1.36,leave / remain,842,2
go,enter,V,4,3.15,3.12,2,0.34,0,1.43,go / enter,843,2
take,carry,V,5.23,3.06,4.04,2,0.34,0,0.44,take / carry,844,2
forget,learn,V,1.18,2.04,2.2,1,0.33,0,1.65,forget / learn,845,2
appoint,elect,V,8.17,2.24,2.41,1,0.33,0,1.51,appoint / elect,846,2
engage,marry,V,5.43,2.07,3.03,1,0.33,0,1.12,engage / marry,847,2
ask,pray,V,3.72,2.52,3.21,2,0.33,0,1.63,ask / pray,848,2
go,send,V,3.75,3.15,2.7,2,0.33,0,0.77,go / send,849,2
take,deliver,V,4.37,3.06,3.12,2,0.33,0,1.16,take / deliver,850,2
speak,hear,V,3.02,3.7,3.66,2,0.33,0,0.76,speak / hear,851,2
analyze,evaluate,V,8.03,2.3,1.85,1,0.28,0,0.49,analyze / evaluate,852,2
argue,rationalize,V,4.2,2.75,1.52,1,0.28,0,1.21,argue / rationalize,853,2
lose,keep,V,1.05,2.25,2.37,1,0.28,0,1.57,lose / keep,854,2
compare,analyze,V,8.1,2.52,2.3,1,0.28,0,0.84,compare / analyze,855,2
disorganize,organize,V,1.45,2.44,2.72,1,0.28,0,1.3,disorganize / organize,856,2
go,allow,V,3.62,3.15,2.41,2,0.28,0,1.53,go / allow,857,2
take,possess,V,7.2,3.06,2.6,2,0.28,0,1.14,take / possess,858,2
learn,listen,V,3.88,2.2,3.47,2,0.28,0,1.65,learn / listen,859,2
destroy,construct,V,0.92,3.08,2.6,2,0.28,0,1.78,destroy / construct,860,2
create,build,V,8.48,2.62,3.71,2,0.28,0,1.14,create / build,861,2
steal,buy,V,1.13,3.84,3.35,2,0.28,0,0.95,steal / buy,862,2
kill,hang,V,4.45,3.9,3.7,3,0.28,0,1.43,kill / hang,863,2
forget,know,V,0.92,2.04,1.68,1,0.27,0,1.6,forget / know,864,2
create,imagine,V,5.13,2.62,1.53,1,0.27,0,1.7,create / imagine,865,2
do,happen,V,4.23,2.46,1.78,1,0.27,0,1.02,do / happen,866,2
win,accomplish,V,7.85,2.67,2.33,1,0.27,0,0.8,win / accomplish,867,2
give,deny,V,1.43,2.83,2.2,1,0.27,0,1.36,give / deny,868,2
deserve,earn,V,5.8,1.69,2.39,1,0.23,0,0.62,deserve / earn,869,2
get,put,V,1.98,2.38,2.5,1,0.22,0,1.33,get / put,870,2
locate,find,V,8.73,2.97,2.63,2,0.22,0,1.54,locate / find,871,2
appear,attend,V,6.28,3.13,3.17,2,0.22,0,1.47,appear / attend,872,2
know,comprehend,V,7.63,1.68,1.86,1,0.21,0,1.39,know / comprehend,873,2
pretend,imagine,V,8.47,2.11,1.53,1,0.21,0,1.63,pretend / imagine,874,2
satisfy,please,V,7.67,2.04,1.64,1,0.21,0,1.74,satisfy / please,875,2
cherish,keep,V,4.85,1.73,2.37,1,0.21,0,1.78,cherish / keep,876,2
argue,differ,V,5.15,2.75,1.59,1,0.21,0,1.22,argue / differ,877,2
overcome,dominate,V,6.25,2.28,2.12,1,0.21,0,1.58,overcome / dominate,878,2
behave,obey,V,7.3,1.78,2.67,1,0.21,0,1.24,behave / obey,879,2
cooperate,participate,V,6.43,1.87,2.59,1,0.21,0,1.5,cooperate / participate,880,2
achieve,try,V,4.42,2.29,2.22,1,0.21,0,1.14,achieve / try,881,2
fail,discourage,V,3.33,3,1.9,1,0.21,0,1.2,fail / discourage,882,2
begin,quit,V,1.28,2.56,2.56,1,0.21,0,1.53,begin / quit,883,2
say,participate,V,3.82,2.58,2.59,1,0.21,0,1.3,say / participate,884,2
come,bring,V,2.42,2.72,2.55,2,0.21,0,1.03,come / bring,885,2
declare,announce,V,9.08,2,3.31,2,0.21,0,1.56,declare / announce,886,2
read,comprehend,V,4.7,3.56,1.86,2,0.21,0,1.75,read / comprehend,887,2
take,leave,V,2.47,3.06,2.53,2,0.21,0,0.8,take / leave,888,2
proclaim,announce,V,8.18,2.36,3.31,2,0.21,0,1.58,proclaim / announce,889,2
acquire,obtain,V,8.57,2.93,3,2,0.21,0,1.96,acquire / obtain,890,2
conclude,decide,V,7.75,1.78,1.92,1,0.2,0,1.17,conclude / decide,891,2
please,plead,V,2.98,1.64,2.59,1,0.2,0,1.18,please / plead,892,2
argue,prove,V,4.83,2.75,1.83,1,0.2,0,0.62,argue / prove,893,2
ask,plead,V,6.47,2.52,2.59,1,0.2,0,1.62,ask / plead,894,2
find,disappear,V,0.77,2.63,2.86,2,0.2,0,1.04,find / disappear,895,2
inspect,examine,V,8.75,3.31,2.86,2,0.2,0,1.39,inspect / examine,896,2
verify,justify,V,4.08,2.1,1.45,1,0.17,0,1.11,verify / justify,897,2
assume,predict,V,4.85,1.75,2,1,0.17,0,1.02,assume / predict,898,2
learn,evaluate,V,4.17,2.2,1.85,1,0.17,0,0.88,learn / evaluate,899,2
argue,justify,V,5,2.75,1.45,1,0.17,0,1.13,argue / justify,900,2
make,become,V,4.77,2.67,1.54,1,0.17,0,0.82,make / become,901,2
discover,originate,V,4.83,2.37,2.23,1,0.17,0,1.33,discover / originate,902,2
achieve,succeed,V,7.5,2.29,2.33,1,0.17,0,1.29,achieve / succeed,903,2
give,put,V,3.65,2.83,2.5,2,0.17,0,1.47,give / put,904,2
understand,listen,V,4.68,2.28,3.47,2,0.17,0,1.66,understand / listen,905,2
expand,grow,V,8.27,3.36,3.03,2,0.17,0,1.28,expand / grow,906,2
borrow,sell,V,1.73,3.1,3.35,2,0.17,0,1.21,borrow / sell,907,2
keep,protect,V,5.4,2.37,2.86,2,0.15,0,1.26,keep / protect,908,2
explain,prove,V,4.1,1.97,1.83,1,0.14,0,1.29,explain / prove,909,2
assume,pretend,V,3.72,1.75,2.11,1,0.14,0,1.15,assume / pretend,910,2
agree,please,V,4.13,2.31,1.64,1,0.14,0,1.7,agree / please,911,2
forgive,forget,V,3.92,1.92,2.04,1,0.14,0,1.5,forgive / forget,912,2
clarify,explain,V,8.33,2.07,1.97,1,0.14,0,1.74,clarify / explain,913,2
understand,forgive,V,4.87,2.28,1.92,1,0.14,0,1.32,understand / forgive,914,2
remind,forget,V,0.87,2.19,2.04,1,0.14,0,1.56,remind / forget,915,2
get,remain,V,1.6,2.38,1.96,1,0.14,0,1.68,get / remain,916,2
realize,discover,V,7.47,2.03,2.37,1,0.14,0,0.59,realize / discover,917,2
require,inquire,V,1.82,2.07,2.38,1,0.14,0,1.06,require / inquire,918,2
ignore,ask,V,1.07,2.22,2.52,1,0.14,0,1.27,ignore / ask,919,2
think,inquire,V,4.77,2.41,2.38,1,0.14,0,1.23,think / inquire,920,2
reject,avoid,V,4.78,2.4,2.41,1,0.14,0,1.36,reject / avoid,921,2
argue,persuade,V,6.23,2.75,2.07,1,0.14,0,1.7,argue / persuade,922,2
pursue,persuade,V,3.17,2.83,2.07,1,0.14,0,1.39,pursue / persuade,923,2
accept,forgive,V,3.73,3.03,1.92,1,0.14,0,1.75,accept / forgive,924,2
do,quit,V,1.17,2.46,2.56,1,0.14,0,1.81,do / quit,925,2
investigate,examine,V,8.1,2.27,2.86,1,0.14,0,1.31,investigate / examine,926,2
discuss,explain,V,6.67,3.17,1.97,1,0.14,0,1.53,discuss / explain,927,2
owe,lend,V,2.32,2.07,3.07,1,0.14,0,0.82,owe / lend,928,2
explore,discover,V,8.48,2.9,2.37,2,0.14,0,1.33,explore / discover,929,2
complain,argue,V,4.8,2.6,2.75,2,0.14,0,0.9,complain / argue,930,2
withdraw,reject,V,6.38,3.04,2.4,2,0.14,0,1.97,withdraw / reject,931,2
keep,borrow,V,2.25,2.37,3.1,2,0.14,0,1.29,keep / borrow,932,2
beg,ask,V,6,2.96,2.52,2,0.14,0,1.58,beg / ask,933,2
arrange,organize,V,8.27,2.79,2.72,2,0.14,0,1.1,arrange / organize,934,2
reduce,shrink,V,8.02,2,3.55,2,0.14,0,1.82,reduce / shrink,935,2
speak,acknowledge,V,4.67,3.7,2.03,2,0.14,0,1.47,speak / acknowledge,936,2
give,borrow,V,2.22,2.83,3.1,2,0.14,0,1.63,give / borrow,937,2
kill,defend,V,2.63,3.9,2.31,2,0.14,0,0.85,kill / defend,938,2
disappear,shrink,V,5.8,2.86,3.55,2,0.14,0,1,disappear / shrink,939,2
deliver,carry,V,3.88,3.12,4.04,2,0.14,0,1.44,deliver / carry,940,2
breathe,choke,V,1.37,4.07,3.97,3,0.14,0,2.02,breathe / choke,941,2
acknowledge,notify,V,5.3,2.03,3.04,1,0.13,0,0.62,acknowledge / notify,942,2
become,seem,V,2.63,1.54,1.75,1,0.11,0,1.79,become / seem,943,2
pretend,seem,V,4.68,2.11,1.75,1,0.11,0,1.63,pretend / seem,944,2
accomplish,become,V,4,2.33,1.54,1,0.11,0,0.85,accomplish / become,945,2
contemplate,think,V,8.82,1.71,2.41,1,0.11,0,1.59,contemplate / think,946,2
determine,predict,V,5.8,2.13,2,1,0.11,0,1.37,determine / predict,947,2
please,entertain,V,5,1.64,2.55,1,0.11,0,0.71,please / entertain,948,2
remain,retain,V,5.75,1.96,2.32,1,0.11,0,1.12,remain / retain,949,2
pretend,portray,V,7.03,2.11,2.18,1,0.11,0,1.64,pretend / portray,950,2
forget,retain,V,0.63,2.04,2.32,1,0.11,0,1.68,forget / retain,951,2
want,choose,V,4.78,1.93,2.62,1,0.11,0,1.56,want / choose,952,2
lose,get,V,0.77,2.25,2.38,1,0.11,0,1.33,lose / get,953,2
try,think,V,2.62,2.22,2.41,1,0.11,0,1.45,try / think,954,2
become,appear,V,4.77,1.54,3.13,1,0.11,0,1.51,become / appear,955,2
leave,ignore,V,4.42,2.53,2.22,1,0.11,0,1.33,leave / ignore,956,2
accept,recommend,V,2.75,3.03,1.74,1,0.11,0,1.01,accept / recommend,957,2
leave,wander,V,3.57,2.53,2.28,1,0.11,0,1.33,leave / wander,958,2
keep,give,V,1.05,2.37,2.83,2,0.11,0,1.03,keep / give,959,2
give,allow,V,5.15,2.83,2.41,2,0.11,0,1.32,give / allow,960,2
bring,send,V,2.97,2.55,2.7,2,0.11,0,0.88,bring / send,961,2
absorb,learn,V,5.48,3.11,2.2,2,0.11,0,1.16,absorb / learn,962,2
acquire,find,V,6.38,2.93,2.63,2,0.11,0,1.74,acquire / find,963,2
leave,appear,V,0.97,2.53,3.13,2,0.11,0,1.45,leave / appear,964,2
create,destroy,V,0.63,2.62,3.08,2,0.11,0,1.1,create / destroy,965,2
begin,go,V,7.42,2.56,3.15,2,0.11,0,1.24,begin / go,966,2
get,buy,V,5.08,2.38,3.35,2,0.11,0,1.02,get / buy,967,2
collect,save,V,6.67,3.34,2.42,2,0.11,0,0.44,collect / save,968,2
replace,restore,V,5.73,3,2.79,2,0.11,0,1.08,replace / restore,969,2
join,add,V,8.1,2.86,3,2,0.11,0,0.88,join / add,970,2
join,marry,V,5.35,2.86,3.03,2,0.11,0,1.41,join / marry,971,2
accept,deliver,V,1.58,3.03,3.12,2,0.11,0,1.37,accept / deliver,972,2
attach,join,V,7.75,3.33,2.86,2,0.11,0,0.94,attach / join,973,2
put,hang,V,3,2.5,3.7,2,0.11,0,1.49,put / hang,974,2
go,sell,V,0.97,3.15,3.35,2,0.11,0,0.9,go / sell,975,2
communicate,pray,V,3.55,3.43,3.21,2,0.11,0,1.38,communicate / pray,976,2
give,steal,V,0.5,2.83,3.84,2,0.11,0,0.62,give / steal,977,2
add,build,V,4.92,3,3.71,2,0.11,0,1.1,add / build,978,2
bring,restore,V,2.62,2.55,2.79,2,0.1,0,0.74,bring / restore,979,2
comprehend,satisfy,V,2.55,1.86,2.04,1,0,0,1,comprehend / satisfy,980,2
portray,decide,V,1.18,2.18,1.92,1,0,0,1.37,portray / decide,981,2
organize,become,V,1.77,2.72,1.54,1,0,0,1.86,organize / become,982,2
give,know,V,0.88,2.83,1.68,1,0,0,1.12,give / know,983,2
say,verify,V,4.9,2.58,2.1,1,0,0,0.65,say / verify,984,2
cooperate,join,V,5.18,1.87,2.86,1,0,0,0.36,cooperate / join,985,2
arrange,require,V,0.98,2.79,2.07,1,0,0,1.72,arrange / require,986,2
borrow,want,V,1.77,3.1,1.93,1,0,0,1.22,borrow / want,987,2
investigate,pursue,V,7.15,2.27,2.83,1,0,0,0.56,investigate / pursue,988,2
ignore,explore,V,0.4,2.22,2.9,1,0,0,1.19,ignore / explore,989,2
bring,complain,V,0.98,2.55,2.6,1,0,0,1.57,bring / complain,990,2
enter,owe,V,0.68,3.12,2.07,1,0,0,1.67,enter / owe,991,2
portray,notify,V,0.78,2.18,3.04,2,0,0,1.17,portray / notify,992,2
remind,sell,V,0.4,2.19,3.35,2,0,0,1.61,remind / sell,993,2
absorb,possess,V,5,3.11,2.6,2,0,0,1.15,absorb / possess,994,2
join,acquire,V,2.85,2.86,2.93,2,0,0,0.99,join / acquire,995,2
send,attend,V,1.67,2.7,3.17,2,0,0,1.44,send / attend,996,2
gather,attend,V,4.8,2.75,3.17,2,0,0,1.97,gather / attend,997,2
absorb,withdraw,V,2.97,3.11,3.04,2,0,0,1.75,absorb / withdraw,998,2
attend,arrive,V,6.08,3.17,3.22,2,0,0,1.18,attend / arrive,999,2